Year,Année,ISO,Jurisdiction,Juridiction,Cause,Origine,Area (hectares),Data Qualifier,Superficie (en hectare),Qualificatifs de données
1990,1990,AB,Alberta,Alberta,Human activity,Activités humaines,2393.8,a,2393.8,a
1990,1990,AB,Alberta,Alberta,Lightning,Foudre,55482.6,a,55482.6,a
1990,1990,AB,Alberta,Alberta,Unspecified,Indéterminée,1008.8,a,1008.8,a
1990,1990,BC,British Columbia,Colombie-Britannique,Human activity,Activités humaines,40278.3,a,40278.3,a
1990,1990,BC,British Columbia,Colombie-Britannique,Lightning,Foudre,35503.5,a,35503.5,a
1990,1990,MB,Manitoba,Manitoba,Human activity,Activités humaines,5719,a,5719,a
1990,1990,MB,Manitoba,Manitoba,Lightning,Foudre,10426,a,10426,a
1990,1990,NB,New Brunswick,Nouveau-Brunswick,Human activity,Activités humaines,6188.1,a,6188.1,a
1990,1990,NB,New Brunswick,Nouveau-Brunswick,Lightning,Foudre,6.9,a,6.9,a
1990,1990,NB,New Brunswick,Nouveau-Brunswick,Unspecified,Indéterminée,23.4,a,23.4,a
1990,1990,NL,Newfoundland and Labrador,Terre-Neuve-et-Labrador,Human activity,Activités humaines,3825.3,a,3825.3,a
1990,1990,NL,Newfoundland and Labrador,Terre-Neuve-et-Labrador,Lightning,Foudre,20777,a,20777,a
1990,1990,NS,Nova Scotia,Nouvelle-Ecosse,Human activity,Activités humaines,1029.09,a,1029.09,a
1990,1990,NS,Nova Scotia,Nouvelle-Ecosse,Lightning,Foudre,0.2,a,0.2,a
1990,1990,NS,Nova Scotia,Nouvelle-Ecosse,Unspecified,Indéterminée,38.87,a,38.87,a
1990,1990,NT,Northwest Territories,Territoires du Nord-Ouest,Human activity,Activités humaines,11.98,a,11.98,a
1990,1990,NT,Northwest Territories,Territoires du Nord-Ouest,Lightning,Foudre,104605.21,a,104605.21,a
1990,1990,NT,Northwest Territories,Territoires du Nord-Ouest,Unspecified,Indéterminée,0.21,a,0.21,a
1990,1990,ON,Ontario,Ontario,Human activity,Activités humaines,8672.000002,a,8672.000002,a
1990,1990,ON,Ontario,Ontario,Lightning,Foudre,174915.7,a,174915.7,a
1990,1990,ON,Ontario,Ontario,Unspecified,Indéterminée,25.50000011,a,25.50000011,a
1990,1990,PE,Prince Edward Island,Île-du-Prince-Édouard,Human activity,Activités humaines,82,a,82,a
1990,1990,PE,Prince Edward Island,Île-du-Prince-Édouard,Lightning,Foudre,0,a,0,a
1990,1990,PE,Prince Edward Island,Île-du-Prince-Édouard,Unspecified,Indéterminée,20,a,20,a
1990,1990,QC,Quebec,Québec,Human activity,Activités humaines,18666.5,a,18666.5,a
1990,1990,QC,Quebec,Québec,Lightning,Foudre,64676.1,a,64676.1,a
1990,1990,SK,Saskatchewan,Saskatchewan,Human activity,Activités humaines,35848.28614,a,35848.28614,a
1990,1990,SK,Saskatchewan,Saskatchewan,Lightning,Foudre,180207.3921,a,180207.3921,a
1990,1990,YT,Yukon,Yukon,Human activity,Activités humaines,1412.99,a,1412.99,a
1990,1990,YT,Yukon,Yukon,Lightning,Foudre,181478.93,a,181478.93,a
1991,1991,AB,Alberta,Alberta,Human activity,Activités humaines,2461,a,2461,a
1991,1991,AB,Alberta,Alberta,Lightning,Foudre,4118.5,a,4118.5,a
1991,1991,AB,Alberta,Alberta,Unspecified,Indéterminée,135,a,135,a
1991,1991,BC,British Columbia,Colombie-Britannique,Human activity,Activités humaines,10923.6,a,10923.6,a
1991,1991,BC,British Columbia,Colombie-Britannique,Lightning,Foudre,14265.2,a,14265.2,a
1991,1991,MB,Manitoba,Manitoba,Human activity,Activités humaines,20668.1,a,20668.1,a
1991,1991,MB,Manitoba,Manitoba,Lightning,Foudre,130317.6,a,130317.6,a
1991,1991,NB,New Brunswick,Nouveau-Brunswick,Human activity,Activités humaines,3417.3,a,3417.3,a
1991,1991,NB,New Brunswick,Nouveau-Brunswick,Lightning,Foudre,56.7,a,56.7,a
1991,1991,NB,New Brunswick,Nouveau-Brunswick,Unspecified,Indéterminée,85,a,85,a
1991,1991,NL,Newfoundland and Labrador,Terre-Neuve-et-Labrador,Human activity,Activités humaines,6863.4,a,6863.4,a
1991,1991,NL,Newfoundland and Labrador,Terre-Neuve-et-Labrador,Lightning,Foudre,49526.6,a,49526.6,a
1991,1991,NS,Nova Scotia,Nouvelle-Ecosse,Human activity,Activités humaines,1712.09,a,1712.09,a
1991,1991,NS,Nova Scotia,Nouvelle-Ecosse,Lightning,Foudre,17.98,a,17.98,a
1991,1991,NS,Nova Scotia,Nouvelle-Ecosse,Unspecified,Indéterminée,45.68,a,45.68,a
1991,1991,NT,Northwest Territories,Territoires du Nord-Ouest,Human activity,Activités humaines,46.97,a,46.97,a
1991,1991,NT,Northwest Territories,Territoires du Nord-Ouest,Lightning,Foudre,225401.42,a,225401.42,a
1991,1991,NT,Northwest Territories,Territoires du Nord-Ouest,Unspecified,Indéterminée,18.03,a,18.03,a
1991,1991,ON,Ontario,Ontario,Human activity,Activités humaines,11090.2,a,11090.2,a
1991,1991,ON,Ontario,Ontario,Lightning,Foudre,307671.5,a,307671.5,a
1991,1991,ON,Ontario,Ontario,Unspecified,Indéterminée,49.40000013,a,49.40000013,a
1991,1991,PE,Prince Edward Island,Île-du-Prince-Édouard,Human activity,Activités humaines,40,a,40,a
1991,1991,PE,Prince Edward Island,Île-du-Prince-Édouard,Lightning,Foudre,0,a,0,a
1991,1991,PE,Prince Edward Island,Île-du-Prince-Édouard,Unspecified,Indéterminée,79,a,79,a
1991,1991,QC,Quebec,Québec,Human activity,Activités humaines,42503.1,a,42503.1,a
1991,1991,QC,Quebec,Québec,Lightning,Foudre,395828.3,a,395828.3,a
1991,1991,SK,Saskatchewan,Saskatchewan,Human activity,Activités humaines,33955.16,a,33955.16,a
1991,1991,SK,Saskatchewan,Saskatchewan,Lightning,Foudre,164219.95,a,164219.95,a
1991,1991,YT,Yukon,Yukon,Human activity,Activités humaines,805.14,a,805.14,a
1991,1991,YT,Yukon,Yukon,Lightning,Foudre,119465.68,a,119465.68,a
1992,1992,AB,Alberta,Alberta,Human activity,Activités humaines,2002.2,a,2002.2,a
1992,1992,AB,Alberta,Alberta,Lightning,Foudre,1088.5,a,1088.5,a
1992,1992,AB,Alberta,Alberta,Unspecified,Indéterminée,470.6,a,470.6,a
1992,1992,BC,British Columbia,Colombie-Britannique,Human activity,Activités humaines,15559.9,a,15559.9,a
1992,1992,BC,British Columbia,Colombie-Britannique,Lightning,Foudre,14892.9,a,14892.9,a
1992,1992,MB,Manitoba,Manitoba,Human activity,Activités humaines,90957.6,a,90957.6,a
1992,1992,MB,Manitoba,Manitoba,Lightning,Foudre,342816.2,a,342816.2,a
1992,1992,NB,New Brunswick,Nouveau-Brunswick,Human activity,Activités humaines,5330.9,a,5330.9,a
1992,1992,NB,New Brunswick,Nouveau-Brunswick,Lightning,Foudre,32.2,a,32.2,a
1992,1992,NB,New Brunswick,Nouveau-Brunswick,Unspecified,Indéterminée,35.8,a,35.8,a
1992,1992,NL,Newfoundland and Labrador,Terre-Neuve-et-Labrador,Human activity,Activités humaines,1435.5,a,1435.5,a
1992,1992,NL,Newfoundland and Labrador,Terre-Neuve-et-Labrador,Lightning,Foudre,374.2,a,374.2,a
1992,1992,NS,Nova Scotia,Nouvelle-Ecosse,Human activity,Activités humaines,1111.11,a,1111.11,a
1992,1992,NS,Nova Scotia,Nouvelle-Ecosse,Lightning,Foudre,0.11,a,0.11,a
1992,1992,NS,Nova Scotia,Nouvelle-Ecosse,Unspecified,Indéterminée,48.39,a,48.39,a
1992,1992,NT,Northwest Territories,Territoires du Nord-Ouest,Human activity,Activités humaines,269.43,a,269.43,a
1992,1992,NT,Northwest Territories,Territoires du Nord-Ouest,Lightning,Foudre,34072.78,a,34072.78,a
1992,1992,NT,Northwest Territories,Territoires du Nord-Ouest,Unspecified,Indéterminée,2607.24,a,2607.24,a
1992,1992,ON,Ontario,Ontario,Human activity,Activités humaines,5372.600002,a,5372.600002,a
1992,1992,ON,Ontario,Ontario,Lightning,Foudre,170595.9,a,170595.9,a
1992,1992,ON,Ontario,Ontario,Unspecified,Indéterminée,25.90000004,a,25.90000004,a
1992,1992,PE,Prince Edward Island,Île-du-Prince-Édouard,Human activity,Activités humaines,41,a,41,a
1992,1992,PE,Prince Edward Island,Île-du-Prince-Édouard,Lightning,Foudre,0,a,0,a
1992,1992,PE,Prince Edward Island,Île-du-Prince-Édouard,Unspecified,Indéterminée,2,a,2,a
1992,1992,QC,Quebec,Québec,Human activity,Activités humaines,8127.3,a,8127.3,a
1992,1992,QC,Quebec,Québec,Lightning,Foudre,18984.2,a,18984.2,a
1992,1992,SK,Saskatchewan,Saskatchewan,Human activity,Activités humaines,9635.18,a,9635.18,a
1992,1992,SK,Saskatchewan,Saskatchewan,Lightning,Foudre,88121.21,a,88121.21,a
1992,1992,YT,Yukon,Yukon,Human activity,Activités humaines,5998.23,a,5998.23,a
1992,1992,YT,Yukon,Yukon,Lightning,Foudre,31816.84,a,31816.84,a
1993,1993,AB,Alberta,Alberta,Human activity,Activités humaines,1489.71,a,1489.71,a
1993,1993,AB,Alberta,Alberta,Lightning,Foudre,26170.4,a,26170.4,a
1993,1993,AB,Alberta,Alberta,Unspecified,Indéterminée,32.1,a,32.1,a
1993,1993,BC,British Columbia,Colombie-Britannique,Human activity,Activités humaines,3400.2,a,3400.2,a
1993,1993,BC,British Columbia,Colombie-Britannique,Lightning,Foudre,1783.2,a,1783.2,a
1993,1993,MB,Manitoba,Manitoba,Human activity,Activités humaines,5117.4,a,5117.4,a
1993,1993,MB,Manitoba,Manitoba,Lightning,Foudre,62157,a,62157,a
1993,1993,NB,New Brunswick,Nouveau-Brunswick,Human activity,Activités humaines,417,a,417,a
1993,1993,NB,New Brunswick,Nouveau-Brunswick,Lightning,Foudre,323.2,a,323.2,a
1993,1993,NB,New Brunswick,Nouveau-Brunswick,Unspecified,Indéterminée,38.1,a,38.1,a
1993,1993,NL,Newfoundland and Labrador,Terre-Neuve-et-Labrador,Human activity,Activités humaines,55.4,a,55.4,a
1993,1993,NL,Newfoundland and Labrador,Terre-Neuve-et-Labrador,Lightning,Foudre,28425,a,28425,a
1993,1993,NS,Nova Scotia,Nouvelle-Ecosse,Human activity,Activités humaines,362.78,a,362.78,a
1993,1993,NS,Nova Scotia,Nouvelle-Ecosse,Lightning,Foudre,2.8,a,2.8,a
1993,1993,NS,Nova Scotia,Nouvelle-Ecosse,Unspecified,Indéterminée,2.33,a,2.33,a
1993,1993,NT,Northwest Territories,Territoires du Nord-Ouest,Human activity,Activités humaines,84.47,a,84.47,a
1993,1993,NT,Northwest Territories,Territoires du Nord-Ouest,Prescribed burn,Brûlage dirigé,7400,a,7400,a
1993,1993,NT,Northwest Territories,Territoires du Nord-Ouest,Lightning,Foudre,856783.73,a,856783.73,a
1993,1993,NT,Northwest Territories,Territoires du Nord-Ouest,Unspecified,Indéterminée,17.63,a,17.63,a
1993,1993,ON,Ontario,Ontario,Human activity,Activités humaines,9016.000001,a,9016.000001,a
1993,1993,ON,Ontario,Ontario,Lightning,Foudre,95608.6,a,95608.6,a
1993,1993,ON,Ontario,Ontario,Unspecified,Indéterminée,40.20000001,a,40.20000001,a
1993,1993,PE,Prince Edward Island,Île-du-Prince-Édouard,Human activity,Activités humaines,78,a,78,a
1993,1993,PE,Prince Edward Island,Île-du-Prince-Édouard,Lightning,Foudre,0,a,0,a
1993,1993,PE,Prince Edward Island,Île-du-Prince-Édouard,Unspecified,Indéterminée,9,a,9,a
1993,1993,QC,Quebec,Québec,Human activity,Activités humaines,1062.2,a,1062.2,a
1993,1993,QC,Quebec,Québec,Lightning,Foudre,127171.8,a,127171.8,a
1993,1993,SK,Saskatchewan,Saskatchewan,Human activity,Activités humaines,132315.19,a,132315.19,a
1993,1993,SK,Saskatchewan,Saskatchewan,Lightning,Foudre,475884.65,a,475884.65,a
1993,1993,YT,Yukon,Yukon,Human activity,Activités humaines,56.58,a,56.58,a
1993,1993,YT,Yukon,Yukon,Lightning,Foudre,115047.73,a,115047.73,a
1994,1994,AB,Alberta,Alberta,Human activity,Activités humaines,2484.8,a,2484.8,a
1994,1994,AB,Alberta,Alberta,Lightning,Foudre,94198.58,a,94198.58,a
1994,1994,AB,Alberta,Alberta,Unspecified,Indéterminée,43.35,a,43.35,a
1994,1994,BC,British Columbia,Colombie-Britannique,Human activity,Activités humaines,12017.1,a,12017.1,a
1994,1994,BC,British Columbia,Colombie-Britannique,Lightning,Foudre,17738.2,a,17738.2,a
1994,1994,MB,Manitoba,Manitoba,Human activity,Activités humaines,471729.6,a,471729.6,a
1994,1994,MB,Manitoba,Manitoba,Lightning,Foudre,957056.1,a,957056.1,a
1994,1994,NB,New Brunswick,Nouveau-Brunswick,Human activity,Activités humaines,752,a,752,a
1994,1994,NB,New Brunswick,Nouveau-Brunswick,Lightning,Foudre,2.9,a,2.9,a
1994,1994,NB,New Brunswick,Nouveau-Brunswick,Unspecified,Indéterminée,98.4,a,98.4,a
1994,1994,NL,Newfoundland and Labrador,Terre-Neuve-et-Labrador,Human activity,Activités humaines,1309.7,a,1309.7,a
1994,1994,NL,Newfoundland and Labrador,Terre-Neuve-et-Labrador,Lightning,Foudre,108964.5,a,108964.5,a
1994,1994,NS,Nova Scotia,Nouvelle-Ecosse,Human activity,Activités humaines,237.23,a,237.23,a
1994,1994,NS,Nova Scotia,Nouvelle-Ecosse,Unspecified,Indéterminée,5.21,a,5.21,a
1994,1994,NT,Northwest Territories,Territoires du Nord-Ouest,Human activity,Activités humaines,10126.82,a,10126.82,a
1994,1994,NT,Northwest Territories,Territoires du Nord-Ouest,Prescribed burn,Brûlage dirigé,17882,a,17882,a
1994,1994,NT,Northwest Territories,Territoires du Nord-Ouest,Lightning,Foudre,2999302.32,a,2999302.32,a
1994,1994,NT,Northwest Territories,Territoires du Nord-Ouest,Unspecified,Indéterminée,3.41,a,3.41,a
1994,1994,ON,Ontario,Ontario,Human activity,Activités humaines,7455.000002,a,7455.000002,a
1994,1994,ON,Ontario,Ontario,Lightning,Foudre,76020.3,a,76020.3,a
1994,1994,ON,Ontario,Ontario,Unspecified,Indéterminée,129.1000001,a,129.1000001,a
1994,1994,PE,Prince Edward Island,Île-du-Prince-Édouard,Human activity,Activités humaines,16,a,16,a
1994,1994,PE,Prince Edward Island,Île-du-Prince-Édouard,Lightning,Foudre,0,a,0,a
1994,1994,PE,Prince Edward Island,Île-du-Prince-Édouard,Unspecified,Indéterminée,6,a,6,a
1994,1994,QC,Quebec,Québec,Human activity,Activités humaines,792.9,a,792.9,a
1994,1994,QC,Quebec,Québec,Lightning,Foudre,115247.4,a,115247.4,a
1994,1994,SK,Saskatchewan,Saskatchewan,Human activity,Activités humaines,3770.36,a,3770.36,a
1994,1994,SK,Saskatchewan,Saskatchewan,Lightning,Foudre,842249.09,a,842249.09,a
1994,1994,YT,Yukon,Yukon,Human activity,Activités humaines,29.37,a,29.37,a
1994,1994,YT,Yukon,Yukon,Lightning,Foudre,421681.02,a,421681.02,a
1995,1995,AB,Alberta,Alberta,Human activity,Activités humaines,7887.02,a,7887.02,a
1995,1995,AB,Alberta,Alberta,Lightning,Foudre,331045.59,a,331045.59,a
1995,1995,AB,Alberta,Alberta,Unspecified,Indéterminée,3046.75,a,3046.75,a
1995,1995,BC,British Columbia,Colombie-Britannique,Human activity,Activités humaines,19714.4,a,19714.4,a
1995,1995,BC,British Columbia,Colombie-Britannique,Lightning,Foudre,28365.6,a,28365.6,a
1995,1995,MB,Manitoba,Manitoba,Human activity,Activités humaines,7366.5,a,7366.5,a
1995,1995,MB,Manitoba,Manitoba,Lightning,Foudre,881870.6,a,881870.6,a
1995,1995,MB,Manitoba,Manitoba,Unspecified,Indéterminée,0.1,a,0.1,a
1995,1995,NB,New Brunswick,Nouveau-Brunswick,Human activity,Activités humaines,408.5,a,408.5,a
1995,1995,NB,New Brunswick,Nouveau-Brunswick,Lightning,Foudre,45.9,a,45.9,a
1995,1995,NB,New Brunswick,Nouveau-Brunswick,Unspecified,Indéterminée,115.1,a,115.1,a
1995,1995,NL,Newfoundland and Labrador,Terre-Neuve-et-Labrador,Human activity,Activités humaines,301.1,a,301.1,a
1995,1995,NL,Newfoundland and Labrador,Terre-Neuve-et-Labrador,Lightning,Foudre,400,a,400,a
1995,1995,NS,Nova Scotia,Nouvelle-Ecosse,Human activity,Activités humaines,369.95,a,369.95,a
1995,1995,NS,Nova Scotia,Nouvelle-Ecosse,Lightning,Foudre,0.33,a,0.33,a
1995,1995,NS,Nova Scotia,Nouvelle-Ecosse,Unspecified,Indéterminée,34.23,a,34.23,a
1995,1995,NT,Northwest Territories,Territoires du Nord-Ouest,Human activity,Activités humaines,111783.76,a,111783.76,a
1995,1995,NT,Northwest Territories,Territoires du Nord-Ouest,Prescribed burn,Brûlage dirigé,15996.9,a,15996.9,a
1995,1995,NT,Northwest Territories,Territoires du Nord-Ouest,Lightning,Foudre,2715574.67,a,2715574.67,a
1995,1995,NT,Northwest Territories,Territoires du Nord-Ouest,Unspecified,Indéterminée,11.11,a,11.11,a
1995,1995,ON,Ontario,Ontario,Human activity,Activités humaines,41933.5,a,41933.5,a
1995,1995,ON,Ontario,Ontario,Lightning,Foudre,570412.5,a,570412.5,a
1995,1995,ON,Ontario,Ontario,Unspecified,Indéterminée,216.9000002,a,216.9000002,a
1995,1995,PE,Prince Edward Island,Île-du-Prince-Édouard,Human activity,Activités humaines,16,a,16,a
1995,1995,PE,Prince Edward Island,Île-du-Prince-Édouard,Lightning,Foudre,0,a,0,a
1995,1995,PE,Prince Edward Island,Île-du-Prince-Édouard,Unspecified,Indéterminée,20,a,20,a
1995,1995,QC,Quebec,Québec,Human activity,Activités humaines,123078.5,a,123078.5,a
1995,1995,QC,Quebec,Québec,Lightning,Foudre,604648.2,a,604648.2,a
1995,1995,SK,Saskatchewan,Saskatchewan,Human activity,Activités humaines,63833.71,a,63833.71,a
1995,1995,SK,Saskatchewan,Saskatchewan,Lightning,Foudre,1584600.18,a,1584600.18,a
1995,1995,SK,Saskatchewan,Saskatchewan,Unspecified,Indéterminée,375,a,375,a
1995,1995,YT,Yukon,Yukon,Human activity,Activités humaines,389.76,a,389.76,a
1995,1995,YT,Yukon,Yukon,Lightning,Foudre,260989.98,a,260989.98,a
1995,1995,YT,Yukon,Yukon,Unspecified,Indéterminée,502.5,a,502.5,a
1996,1996,AB,Alberta,Alberta,Human activity,Activités humaines,655.24,a,655.24,a
1996,1996,AB,Alberta,Alberta,Lightning,Foudre,14917.46,a,14917.46,a
1996,1996,AB,Alberta,Alberta,Unspecified,Indéterminée,24.39,a,24.39,a
1996,1996,BC,British Columbia,Colombie-Britannique,Human activity,Activités humaines,6579.8,a,6579.8,a
1996,1996,BC,British Columbia,Colombie-Britannique,Lightning,Foudre,14089.3,a,14089.3,a
1996,1996,MB,Manitoba,Manitoba,Human activity,Activités humaines,2882.7,a,2882.7,a
1996,1996,MB,Manitoba,Manitoba,Lightning,Foudre,122443.7,a,122443.7,a
1996,1996,NB,New Brunswick,Nouveau-Brunswick,Human activity,Activités humaines,1027.5,a,1027.5,a
1996,1996,NB,New Brunswick,Nouveau-Brunswick,Lightning,Foudre,908.1,a,908.1,a
1996,1996,NB,New Brunswick,Nouveau-Brunswick,Unspecified,Indéterminée,81.2,a,81.2,a
1996,1996,NL,Newfoundland and Labrador,Terre-Neuve-et-Labrador,Human activity,Activités humaines,3161.1,a,3161.1,a
1996,1996,NL,Newfoundland and Labrador,Terre-Neuve-et-Labrador,Lightning,Foudre,78149.3,a,78149.3,a
1996,1996,NS,Nova Scotia,Nouvelle-Ecosse,Human activity,Activités humaines,601.63,a,601.63,a
1996,1996,NS,Nova Scotia,Nouvelle-Ecosse,Lightning,Foudre,2.27,a,2.27,a
1996,1996,NS,Nova Scotia,Nouvelle-Ecosse,Unspecified,Indéterminée,35.32,a,35.32,a
1996,1996,NT,Northwest Territories,Territoires du Nord-Ouest,Human activity,Activités humaines,84.66,a,84.66,a
1996,1996,NT,Northwest Territories,Territoires du Nord-Ouest,Lightning,Foudre,371460.06,a,371460.06,a
1996,1996,ON,Ontario,Ontario,Human activity,Activités humaines,1849.800001,a,1849.800001,a
1996,1996,ON,Ontario,Ontario,Lightning,Foudre,443461.2,a,443461.2,a
1996,1996,ON,Ontario,Ontario,Unspecified,Indéterminée,3691.1,a,3691.1,a
1996,1996,PE,Prince Edward Island,Île-du-Prince-Édouard,Human activity,Activités humaines,0,a,0,a
1996,1996,PE,Prince Edward Island,Île-du-Prince-Édouard,Lightning,Foudre,0,a,0,a
1996,1996,PE,Prince Edward Island,Île-du-Prince-Édouard,Unspecified,Indéterminée,0,a,0,a
1996,1996,QC,Quebec,Québec,Human activity,Activités humaines,9575.9,a,9575.9,a
1996,1996,QC,Quebec,Québec,Lightning,Foudre,682013.7,a,682013.7,a
1996,1996,SK,Saskatchewan,Saskatchewan,Human activity,Activités humaines,732.31,a,732.31,a
1996,1996,SK,Saskatchewan,Saskatchewan,Lightning,Foudre,12254.68,a,12254.68,a
1996,1996,YT,Yukon,Yukon,Human activity,Activités humaines,15040.38,a,15040.38,a
1996,1996,YT,Yukon,Yukon,Lightning,Foudre,76026.75,a,76026.75,a
1997,1997,AB,Alberta,Alberta,Human activity,Activités humaines,4383.07,a,4383.07,a
1997,1997,AB,Alberta,Alberta,Lightning,Foudre,521.27,a,521.27,a
1997,1997,AB,Alberta,Alberta,Unspecified,Indéterminée,19.61,a,19.61,a
1997,1997,BC,British Columbia,Colombie-Britannique,Human activity,Activités humaines,2635.4,a,2635.4,a
1997,1997,BC,British Columbia,Colombie-Britannique,Lightning,Foudre,332.4,a,332.4,a
1997,1997,MB,Manitoba,Manitoba,Human activity,Activités humaines,3648.7,a,3648.7,a
1997,1997,MB,Manitoba,Manitoba,Lightning,Foudre,38150.4,a,38150.4,a
1997,1997,NB,New Brunswick,Nouveau-Brunswick,Human activity,Activités humaines,219.8,a,219.8,a
1997,1997,NB,New Brunswick,Nouveau-Brunswick,Lightning,Foudre,17.1,a,17.1,a
1997,1997,NB,New Brunswick,Nouveau-Brunswick,Unspecified,Indéterminée,27,a,27,a
1997,1997,NL,Newfoundland and Labrador,Terre-Neuve-et-Labrador,Human activity,Activités humaines,8261.5,a,8261.5,a
1997,1997,NL,Newfoundland and Labrador,Terre-Neuve-et-Labrador,Lightning,Foudre,283.2,a,283.2,a
1997,1997,NS,Nova Scotia,Nouvelle-Ecosse,Human activity,Activités humaines,501.67,a,501.67,a
1997,1997,NS,Nova Scotia,Nouvelle-Ecosse,Lightning,Foudre,24.34,a,24.34,a
1997,1997,NS,Nova Scotia,Nouvelle-Ecosse,Unspecified,Indéterminée,39.15,a,39.15,a
1997,1997,NT,Northwest Territories,Territoires du Nord-Ouest,Human activity,Activités humaines,9.97,a,9.97,a
1997,1997,NT,Northwest Territories,Territoires du Nord-Ouest,Lightning,Foudre,126521.29,a,126521.29,a
1997,1997,NT,Northwest Territories,Territoires du Nord-Ouest,Unspecified,Indéterminée,0.01,a,0.01,a
1997,1997,ON,Ontario,Ontario,Human activity,Activités humaines,2113.300002,a,2113.300002,a
1997,1997,ON,Ontario,Ontario,Lightning,Foudre,36224.3,a,36224.3,a
1997,1997,ON,Ontario,Ontario,Unspecified,Indéterminée,281.9000001,a,281.9000001,a
1997,1997,PE,Prince Edward Island,Île-du-Prince-Édouard,Human activity,Activités humaines,0,a,0,a
1997,1997,PE,Prince Edward Island,Île-du-Prince-Édouard,Lightning,Foudre,0,a,0,a
1997,1997,PE,Prince Edward Island,Île-du-Prince-Édouard,Unspecified,Indéterminée,107,a,107,a
1997,1997,QC,Quebec,Québec,Human activity,Activités humaines,4713.7,a,4713.7,a
1997,1997,QC,Quebec,Québec,Lightning,Foudre,388365.5,a,388365.5,a
1997,1997,SK,Saskatchewan,Saskatchewan,Human activity,Activités humaines,1669.69,a,1669.69,a
1997,1997,SK,Saskatchewan,Saskatchewan,Lightning,Foudre,2207.22,a,2207.22,a
1997,1997,YT,Yukon,Yukon,Human activity,Activités humaines,78.81,a,78.81,a
1997,1997,YT,Yukon,Yukon,Lightning,Foudre,11391.24,a,11391.24,a
1998,1998,AB,Alberta,Alberta,Human activity,Activités humaines,74977.08,a,74977.08,a
1998,1998,AB,Alberta,Alberta,Lightning,Foudre,673574.17,a,673574.17,a
1998,1998,AB,Alberta,Alberta,Unspecified,Indéterminée,225.02,a,225.02,a
1998,1998,BC,British Columbia,Colombie-Britannique,Human activity,Activités humaines,6752.156,a,6752.156,a
1998,1998,BC,British Columbia,Colombie-Britannique,Lightning,Foudre,70015.188,a,70015.188,a
1998,1998,MB,Manitoba,Manitoba,Human activity,Activités humaines,4837.8,a,4837.8,a
1998,1998,MB,Manitoba,Manitoba,Lightning,Foudre,445734.3,a,445734.3,a
1998,1998,NB,New Brunswick,Nouveau-Brunswick,Human activity,Activités humaines,274.9,a,274.9,a
1998,1998,NB,New Brunswick,Nouveau-Brunswick,Lightning,Foudre,4.1,a,4.1,a
1998,1998,NB,New Brunswick,Nouveau-Brunswick,Unspecified,Indéterminée,133.4,a,133.4,a
1998,1998,NL,Newfoundland and Labrador,Terre-Neuve-et-Labrador,Human activity,Activités humaines,1085.5,a,1085.5,a
1998,1998,NL,Newfoundland and Labrador,Terre-Neuve-et-Labrador,Lightning,Foudre,39075.7,a,39075.7,a
1998,1998,NS,Nova Scotia,Nouvelle-Ecosse,Human activity,Activités humaines,306.67,a,306.67,a
1998,1998,NS,Nova Scotia,Nouvelle-Ecosse,Lightning,Foudre,12.13,a,12.13,a
1998,1998,NS,Nova Scotia,Nouvelle-Ecosse,Unspecified,Indéterminée,77.93,a,77.93,a
1998,1998,NT,Northwest Territories,Territoires du Nord-Ouest,Human activity,Activités humaines,79.72,a,79.72,a
1998,1998,NT,Northwest Territories,Territoires du Nord-Ouest,Lightning,Foudre,1458875.43,a,1458875.43,a
1998,1998,NT,Northwest Territories,Territoires du Nord-Ouest,Unspecified,Indéterminée,5.01,a,5.01,a
1998,1998,ON,Ontario,Ontario,Human activity,Activités humaines,4137.500002,a,4137.500002,a
1998,1998,ON,Ontario,Ontario,Lightning,Foudre,127542.1,a,127542.1,a
1998,1998,ON,Ontario,Ontario,Unspecified,Indéterminée,26492.8,a,26492.8,a
1998,1998,PE,Prince Edward Island,Île-du-Prince-Édouard,Human activity,Activités humaines,76,a,76,a
1998,1998,PE,Prince Edward Island,Île-du-Prince-Édouard,Lightning,Foudre,0,a,0,a
1998,1998,PE,Prince Edward Island,Île-du-Prince-Édouard,Unspecified,Indéterminée,1,a,1,a
1998,1998,QC,Quebec,Québec,Human activity,Activités humaines,13329.3,a,13329.3,a
1998,1998,QC,Quebec,Québec,Lightning,Foudre,404977.5,a,404977.5,a
1998,1998,SK,Saskatchewan,Saskatchewan,Human activity,Activités humaines,158432.55,a,158432.55,a
1998,1998,SK,Saskatchewan,Saskatchewan,Lightning,Foudre,886263.67,a,886263.67,a
1998,1998,YT,Yukon,Yukon,Human activity,Activités humaines,63760.73,a,63760.73,a
1998,1998,YT,Yukon,Yukon,Lightning,Foudre,279911.67,a,279911.67,a
1998,1998,YT,Yukon,Yukon,Unspecified,Indéterminée,59,a,59,a
1999,1999,AB,Alberta,Alberta,Human activity,Activités humaines,6198.16,a,6198.16,a
1999,1999,AB,Alberta,Alberta,Prescribed burn,Brûlage dirigé,0,a,0,a
1999,1999,AB,Alberta,Alberta,Lightning,Foudre,183739.9,a,183739.9,a
1999,1999,AB,Alberta,Alberta,Unspecified,Indéterminée,57.21,a,57.21,a
1999,1999,BC,British Columbia,Colombie-Britannique,Human activity,Activités humaines,4834,a,4834,a
1999,1999,BC,British Columbia,Colombie-Britannique,Lightning,Foudre,6721.41,a,6721.41,a
1999,1999,MB,Manitoba,Manitoba,Human activity,Activités humaines,53387.8,a,53387.8,a
1999,1999,MB,Manitoba,Manitoba,Lightning,Foudre,57065.7,a,57065.7,a
1999,1999,NB,New Brunswick,Nouveau-Brunswick,Human activity,Activités humaines,831,a,831,a
1999,1999,NB,New Brunswick,Nouveau-Brunswick,Lightning,Foudre,545.7,a,545.7,a
1999,1999,NB,New Brunswick,Nouveau-Brunswick,Unspecified,Indéterminée,76.1,a,76.1,a
1999,1999,NL,Newfoundland and Labrador,Terre-Neuve-et-Labrador,Human activity,Activités humaines,11262.4,a,11262.4,a
1999,1999,NL,Newfoundland and Labrador,Terre-Neuve-et-Labrador,Lightning,Foudre,27777.8,a,27777.8,a
1999,1999,NS,Nova Scotia,Nouvelle-Ecosse,Human activity,Activités humaines,1788.39,a,1788.39,a
1999,1999,NS,Nova Scotia,Nouvelle-Ecosse,Lightning,Foudre,16.36,a,16.36,a
1999,1999,NS,Nova Scotia,Nouvelle-Ecosse,Unspecified,Indéterminée,18.69,a,18.69,a
1999,1999,NT,Northwest Territories,Territoires du Nord-Ouest,Human activity,Activités humaines,31.65,a,31.65,a
1999,1999,NT,Northwest Territories,Territoires du Nord-Ouest,Prescribed burn,Brûlage dirigé,11158,a,11158,a
1999,1999,NT,Northwest Territories,Territoires du Nord-Ouest,Lightning,Foudre,549844.38,a,549844.38,a
1999,1999,NT,Northwest Territories,Territoires du Nord-Ouest,Unspecified,Indéterminée,0.61,a,0.61,a
1999,1999,ON,Ontario,Ontario,Human activity,Activités humaines,251129.6,a,251129.6,a
1999,1999,ON,Ontario,Ontario,Lightning,Foudre,76924.8,a,76924.8,a
1999,1999,ON,Ontario,Ontario,Unspecified,Indéterminée,272.4000002,a,272.4000002,a
1999,1999,PE,Prince Edward Island,Île-du-Prince-Édouard,Human activity,Activités humaines,73,a,73,a
1999,1999,PE,Prince Edward Island,Île-du-Prince-Édouard,Lightning,Foudre,,a,,a
1999,1999,PE,Prince Edward Island,Île-du-Prince-Édouard,Unspecified,Indéterminée,4,a,4,a
1999,1999,QC,Quebec,Québec,Human activity,Activités humaines,3927.8,a,3927.8,a
1999,1999,QC,Quebec,Québec,Lightning,Foudre,93819.4,a,93819.4,a
1999,1999,SK,Saskatchewan,Saskatchewan,Human activity,Activités humaines,9135.45,a,9135.45,a
1999,1999,SK,Saskatchewan,Saskatchewan,Lightning,Foudre,171684.79,a,171684.79,a
1999,1999,YT,Yukon,Yukon,Human activity,Activités humaines,3280.24,a,3280.24,a
1999,1999,YT,Yukon,Yukon,Lightning,Foudre,191536.24,a,191536.24,a
2000,2000,AB,Alberta,Alberta,Human activity,Activités humaines,8657.97,a,8657.97,a
2000,2000,AB,Alberta,Alberta,Lightning,Foudre,16574.85,a,16574.85,a
2000,2000,AB,Alberta,Alberta,Unspecified,Indéterminée,18.76,a,18.76,a
2000,2000,BC,British Columbia,Colombie-Britannique,Human activity,Activités humaines,11399.254,a,11399.254,a
2000,2000,BC,British Columbia,Colombie-Britannique,Lightning,Foudre,6409.458,a,6409.458,a
2000,2000,MB,Manitoba,Manitoba,Human activity,Activités humaines,1616,a,1616,a
2000,2000,MB,Manitoba,Manitoba,Unspecified,Indéterminée,111699.272,a,111699.272,a
2000,2000,NB,New Brunswick,Nouveau-Brunswick,Human activity,Activités humaines,371.98,a,371.98,a
2000,2000,NB,New Brunswick,Nouveau-Brunswick,Lightning,Foudre,70.8,a,70.8,a
2000,2000,NB,New Brunswick,Nouveau-Brunswick,Unspecified,Indéterminée,50.3,a,50.3,a
2000,2000,NL,Newfoundland and Labrador,Terre-Neuve-et-Labrador,Human activity,Activités humaines,232,a,232,a
2000,2000,NL,Newfoundland and Labrador,Terre-Neuve-et-Labrador,Lightning,Foudre,103304.167,a,103304.167,a
2000,2000,NS,Nova Scotia,Nouvelle-Ecosse,Human activity,Activités humaines,300.87,a,300.87,a
2000,2000,NS,Nova Scotia,Nouvelle-Ecosse,Lightning,Foudre,1.99,a,1.99,a
2000,2000,NS,Nova Scotia,Nouvelle-Ecosse,Unspecified,Indéterminée,185.31,a,185.31,a
2000,2000,NT,Northwest Territories,Territoires du Nord-Ouest,Human activity,Activités humaines,20.83,a,20.83,a
2000,2000,NT,Northwest Territories,Territoires du Nord-Ouest,Prescribed burn,Brûlage dirigé,17.8,a,17.8,a
2000,2000,NT,Northwest Territories,Territoires du Nord-Ouest,Lightning,Foudre,177796.14,a,177796.14,a
2000,2000,NT,Northwest Territories,Territoires du Nord-Ouest,Unspecified,Indéterminée,1.02,a,1.02,a
2000,2000,ON,Ontario,Ontario,Human activity,Activités humaines,1420.500003,a,1420.500003,a
2000,2000,ON,Ontario,Ontario,Lightning,Foudre,5293.2,a,5293.2,a
2000,2000,ON,Ontario,Ontario,Unspecified,Indéterminée,64.70000003,a,64.70000003,a
2000,2000,PE,Prince Edward Island,Île-du-Prince-Édouard,Human activity,Activités humaines,,a,,a
2000,2000,PE,Prince Edward Island,Île-du-Prince-Édouard,Lightning,Foudre,,a,,a
2000,2000,PE,Prince Edward Island,Île-du-Prince-Édouard,Unspecified,Indéterminée,,a,,a
2000,2000,QC,Quebec,Québec,Human activity,Activités humaines,672.52,a,672.52,a
2000,2000,QC,Quebec,Québec,Lightning,Foudre,38535.9,a,38535.9,a
2000,2000,SK,Saskatchewan,Saskatchewan,Human activity,Activités humaines,10795.03,a,10795.03,a
2000,2000,SK,Saskatchewan,Saskatchewan,Lightning,Foudre,130628.08,a,130628.08,a
2000,2000,YT,Yukon,Yukon,Human activity,Activités humaines,10.33,a,10.33,a
2000,2000,YT,Yukon,Yukon,Lightning,Foudre,7642.53,a,7642.53,a
2000,2000,YT,Yukon,Yukon,Unspecified,Indéterminée,363,a,363,a
2001,2001,AB,Alberta,Alberta,Human activity,Activités humaines,139800.316,a,139800.316,a
2001,2001,AB,Alberta,Alberta,Lightning,Foudre,27108.301,a,27108.301,a
2001,2001,AB,Alberta,Alberta,Unspecified,Indéterminée,78.492,a,78.492,a
2001,2001,BC,British Columbia,Colombie-Britannique,Human activity,Activités humaines,5191.519,a,5191.519,a
2001,2001,BC,British Columbia,Colombie-Britannique,Lightning,Foudre,8981.69,a,8981.69,a
2001,2001,MB,Manitoba,Manitoba,Human activity,Activités humaines,499.3,a,499.3,a
2001,2001,MB,Manitoba,Manitoba,Unspecified,Indéterminée,80521.829,a,80521.829,a
2001,2001,NB,New Brunswick,Nouveau-Brunswick,Human activity,Activités humaines,486.503,a,486.503,a
2001,2001,NB,New Brunswick,Nouveau-Brunswick,Lightning,Foudre,25.3,a,25.3,a
2001,2001,NB,New Brunswick,Nouveau-Brunswick,Unspecified,Indéterminée,264.1,a,264.1,a
2001,2001,NL,Newfoundland and Labrador,Terre-Neuve-et-Labrador,Human activity,Activités humaines,324.7,a,324.7,a
2001,2001,NL,Newfoundland and Labrador,Terre-Neuve-et-Labrador,Lightning,Foudre,640.988,a,640.988,a
2001,2001,NS,Nova Scotia,Nouvelle-Ecosse,Human activity,Activités humaines,471.303,a,471.303,a
2001,2001,NS,Nova Scotia,Nouvelle-Ecosse,Lightning,Foudre,8.15,a,8.15,a
2001,2001,NS,Nova Scotia,Nouvelle-Ecosse,Unspecified,Indéterminée,50.06,a,50.06,a
2001,2001,NT,Northwest Territories,Territoires du Nord-Ouest,Human activity,Activités humaines,5.23,a,5.23,a
2001,2001,NT,Northwest Territories,Territoires du Nord-Ouest,Lightning,Foudre,116756.49,a,116756.49,a
2001,2001,ON,Ontario,Ontario,Human activity,Activités humaines,1520.1,a,1520.1,a
2001,2001,ON,Ontario,Ontario,Lightning,Foudre,9256.000001,a,9256.000001,a
2001,2001,ON,Ontario,Ontario,Unspecified,Indéterminée,89.70000001,a,89.70000001,a
2001,2001,PE,Prince Edward Island,Île-du-Prince-Édouard,Human activity,Activités humaines,13,a,13,a
2001,2001,PE,Prince Edward Island,Île-du-Prince-Édouard,Lightning,Foudre,0,a,0,a
2001,2001,PE,Prince Edward Island,Île-du-Prince-Édouard,Unspecified,Indéterminée,16,a,16,a
2001,2001,QC,Quebec,Québec,Human activity,Activités humaines,5901.3,a,5901.3,a
2001,2001,QC,Quebec,Québec,Lightning,Foudre,27190.9,a,27190.9,a
2001,2001,SK,Saskatchewan,Saskatchewan,Human activity,Activités humaines,39408.76,a,39408.76,a
2001,2001,SK,Saskatchewan,Saskatchewan,Lightning,Foudre,165724.96,a,165724.96,a
2001,2001,YT,Yukon,Yukon,Human activity,Activités humaines,6.82,a,6.82,a
2001,2001,YT,Yukon,Yukon,Lightning,Foudre,17327.66,a,17327.66,a
2002,2002,AB,Alberta,Alberta,Human activity,Activités humaines,248041,a,248041,a
2002,2002,AB,Alberta,Alberta,Prescribed burn,Brûlage dirigé,7,a,7,a
2002,2002,AB,Alberta,Alberta,Lightning,Foudre,252498.03,a,252498.03,a
2002,2002,AB,Alberta,Alberta,Unspecified,Indéterminée,8.39,a,8.39,a
2002,2002,BC,British Columbia,Colombie-Britannique,Human activity,Activités humaines,4366.663,a,4366.663,a
2002,2002,BC,British Columbia,Colombie-Britannique,Lightning,Foudre,4219.497,a,4219.497,a
2002,2002,BC,British Columbia,Colombie-Britannique,Unspecified,Indéterminée,0.4,a,0.4,a
2002,2002,MB,Manitoba,Manitoba,Human activity,Activités humaines,1535,a,1535,a
2002,2002,MB,Manitoba,Manitoba,Unspecified,Indéterminée,95404.79,a,95404.79,a
2002,2002,NB,New Brunswick,Nouveau-Brunswick,Human activity,Activités humaines,255.5,a,255.5,a
2002,2002,NB,New Brunswick,Nouveau-Brunswick,Lightning,Foudre,33,a,33,a
2002,2002,NB,New Brunswick,Nouveau-Brunswick,Unspecified,Indéterminée,37,a,37,a
2002,2002,NL,Newfoundland and Labrador,Terre-Neuve-et-Labrador,Human activity,Activités humaines,385.1,a,385.1,a
2002,2002,NL,Newfoundland and Labrador,Terre-Neuve-et-Labrador,Lightning,Foudre,14524.546,a,14524.546,a
2002,2002,NS,Nova Scotia,Nouvelle-Ecosse,Human activity,Activités humaines,191.35,a,191.35,a
2002,2002,NS,Nova Scotia,Nouvelle-Ecosse,Lightning,Foudre,9.72,a,9.72,a
2002,2002,NS,Nova Scotia,Nouvelle-Ecosse,Unspecified,Indéterminée,11.49,a,11.49,a
2002,2002,NT,Northwest Territories,Territoires du Nord-Ouest,Human activity,Activités humaines,18.04,a,18.04,a
2002,2002,NT,Northwest Territories,Territoires du Nord-Ouest,Lightning,Foudre,27067.63,a,27067.63,a
2002,2002,NT,Northwest Territories,Territoires du Nord-Ouest,Unspecified,Indéterminée,3.5,a,3.5,a
2002,2002,ON,Ontario,Ontario,Human activity,Activités humaines,2351.700001,a,2351.700001,a
2002,2002,ON,Ontario,Ontario,Lightning,Foudre,178041.9,a,178041.9,a
2002,2002,ON,Ontario,Ontario,Unspecified,Indéterminée,1851.1,a,1851.1,a
2002,2002,PE,Prince Edward Island,Île-du-Prince-Édouard,Human activity,Activités humaines,132,a,132,a
2002,2002,PE,Prince Edward Island,Île-du-Prince-Édouard,Lightning,Foudre,0,a,0,a
2002,2002,PE,Prince Edward Island,Île-du-Prince-Édouard,Unspecified,Indéterminée,0,a,0,a
2002,2002,QC,Quebec,Québec,Human activity,Activités humaines,5943.31,a,5943.31,a
2002,2002,QC,Quebec,Québec,Lightning,Foudre,1007806.61,a,1007806.61,a
2002,2002,SK,Saskatchewan,Saskatchewan,Human activity,Activités humaines,101681.75,a,101681.75,a
2002,2002,SK,Saskatchewan,Saskatchewan,Lightning,Foudre,780974.57,a,780974.57,a
2002,2002,YT,Yukon,Yukon,Human activity,Activités humaines,22.76,a,22.76,a
2002,2002,YT,Yukon,Yukon,Lightning,Foudre,36181.45,a,36181.45,a
2003,2003,AB,Alberta,Alberta,Human activity,Activités humaines,39243.05,a,39243.05,a
2003,2003,AB,Alberta,Alberta,Lightning,Foudre,145144.36,a,145144.36,a
2003,2003,AB,Alberta,Alberta,Unspecified,Indéterminée,19958.31,a,19958.31,a
2003,2003,BC,British Columbia,Colombie-Britannique,Human activity,Activités humaines,81752.383,a,81752.383,a
2003,2003,BC,British Columbia,Colombie-Britannique,Lightning,Foudre,201650.429,a,201650.429,a
2003,2003,MB,Manitoba,Manitoba,Human activity,Activités humaines,3203,a,3203,a
2003,2003,MB,Manitoba,Manitoba,Unspecified,Indéterminée,938176.427,a,938176.427,a
2003,2003,NB,New Brunswick,Nouveau-Brunswick,Human activity,Activités humaines,214.9,a,214.9,a
2003,2003,NB,New Brunswick,Nouveau-Brunswick,Lightning,Foudre,4.3,a,4.3,a
2003,2003,NB,New Brunswick,Nouveau-Brunswick,Unspecified,Indéterminée,20.2,a,20.2,a
2003,2003,NL,Newfoundland and Labrador,Terre-Neuve-et-Labrador,Human activity,Activités humaines,683,a,683,a
2003,2003,NL,Newfoundland and Labrador,Terre-Neuve-et-Labrador,Lightning,Foudre,27028.13,a,27028.13,a
2003,2003,NS,Nova Scotia,Nouvelle-Ecosse,Human activity,Activités humaines,1235.99,a,1235.99,a
2003,2003,NS,Nova Scotia,Nouvelle-Ecosse,Lightning,Foudre,0.13,a,0.13,a
2003,2003,NS,Nova Scotia,Nouvelle-Ecosse,Unspecified,Indéterminée,20.64,a,20.64,a
2003,2003,NT,Northwest Territories,Territoires du Nord-Ouest,Human activity,Activités humaines,9.3,a,9.3,a
2003,2003,NT,Northwest Territories,Territoires du Nord-Ouest,Lightning,Foudre,127812.1,a,127812.1,a
2003,2003,ON,Ontario,Ontario,Human activity,Activités humaines,8397.600002,a,8397.600002,a
2003,2003,ON,Ontario,Ontario,Lightning,Foudre,309984.9,a,309984.9,a
2003,2003,ON,Ontario,Ontario,Unspecified,Indéterminée,734.0999998,a,734.0999998,a
2003,2003,PE,Prince Edward Island,Île-du-Prince-Édouard,Human activity,Activités humaines,11,a,11,a
2003,2003,PE,Prince Edward Island,Île-du-Prince-Édouard,Lightning,Foudre,0,a,0,a
2003,2003,PE,Prince Edward Island,Île-du-Prince-Édouard,Unspecified,Indéterminée,1,a,1,a
2003,2003,QC,Quebec,Québec,Human activity,Activités humaines,9783.101,a,9783.101,a
2003,2003,QC,Quebec,Québec,Lightning,Foudre,78462.3,a,78462.3,a
2003,2003,SK,Saskatchewan,Saskatchewan,Human activity,Activités humaines,12883.93,a,12883.93,a
2003,2003,SK,Saskatchewan,Saskatchewan,Lightning,Foudre,113205.32,a,113205.32,a
2003,2003,YT,Yukon,Yukon,Human activity,Activités humaines,2940.47,a,2940.47,a
2003,2003,YT,Yukon,Yukon,Lightning,Foudre,45844.86,a,45844.86,a
2004,2004,AB,Alberta,Alberta,Human activity,Activités humaines,6648.99,a,6648.99,a
2004,2004,AB,Alberta,Alberta,Prescribed burn,Brûlage dirigé,0.2,a,0.2,a
2004,2004,AB,Alberta,Alberta,Lightning,Foudre,425626.13,a,425626.13,a
2004,2004,AB,Alberta,Alberta,Reburn,Rebrûlage,41.01,a,41.01,a
2004,2004,AB,Alberta,Alberta,Unspecified,Indéterminée,9.26,a,9.26,a
2004,2004,BC,British Columbia,Colombie-Britannique,Human activity,Activités humaines,2175.457,a,2175.457,a
2004,2004,BC,British Columbia,Colombie-Britannique,Lightning,Foudre,218120.91,a,218120.91,a
2004,2004,BC,British Columbia,Colombie-Britannique,Unspecified,Indéterminée,0.1,a,0.1,a
2004,2004,MB,Manitoba,Manitoba,Human activity,Activités humaines,1062,a,1062,a
2004,2004,MB,Manitoba,Manitoba,Lightning,Foudre,18074.1,a,18074.1,a
2004,2004,MB,Manitoba,Manitoba,Unspecified,Indéterminée,8384.3,a,8384.3,a
2004,2004,NB,New Brunswick,Nouveau-Brunswick,Human activity,Activités humaines,388.8,a,388.8,a
2004,2004,NB,New Brunswick,Nouveau-Brunswick,Lightning,Foudre,4.6,a,4.6,a
2004,2004,NB,New Brunswick,Nouveau-Brunswick,Unspecified,Indéterminée,68.4,a,68.4,a
2004,2004,NL,Newfoundland and Labrador,Terre-Neuve-et-Labrador,Human activity,Activités humaines,1224.532,a,1224.532,a
2004,2004,NL,Newfoundland and Labrador,Terre-Neuve-et-Labrador,Lightning,Foudre,931.586,a,931.586,a
2004,2004,NS,Nova Scotia,Nouvelle-Ecosse,Human activity,Activités humaines,287.52,a,287.52,a
2004,2004,NS,Nova Scotia,Nouvelle-Ecosse,Lightning,Foudre,0.45,a,0.45,a
2004,2004,NS,Nova Scotia,Nouvelle-Ecosse,Unspecified,Indéterminée,1.87,a,1.87,a
2004,2004,NT,Northwest Territories,Territoires du Nord-Ouest,Human activity,Activités humaines,7637.95,a,7637.95,a
2004,2004,NT,Northwest Territories,Territoires du Nord-Ouest,Lightning,Foudre,501430.38,a,501430.38,a
2004,2004,NT,Northwest Territories,Territoires du Nord-Ouest,Unspecified,Indéterminée,8287.7,a,8287.7,a
2004,2004,ON,Ontario,Ontario,Human activity,Activités humaines,1587.799999,a,1587.799999,a
2004,2004,ON,Ontario,Ontario,Lightning,Foudre,120.2000004,a,120.2000004,a
2004,2004,ON,Ontario,Ontario,Unspecified,Indéterminée,9.599999983,a,9.599999983,a
2004,2004,PE,Prince Edward Island,Île-du-Prince-Édouard,Human activity,Activités humaines,13,a,13,a
2004,2004,PE,Prince Edward Island,Île-du-Prince-Édouard,Lightning,Foudre,0,a,0,a
2004,2004,PE,Prince Edward Island,Île-du-Prince-Édouard,Unspecified,Indéterminée,2,a,2,a
2004,2004,QC,Quebec,Québec,Human activity,Activités humaines,815.6006,a,815.6006,a
2004,2004,QC,Quebec,Québec,Lightning,Foudre,2242.1,a,2242.1,a
2004,2004,SK,Saskatchewan,Saskatchewan,Human activity,Activités humaines,7407.16,a,7407.16,a
2004,2004,SK,Saskatchewan,Saskatchewan,Lightning,Foudre,250726.45,a,250726.45,a
2004,2004,SK,Saskatchewan,Saskatchewan,Unspecified,Indéterminée,5,a,5,a
2004,2004,YT,Yukon,Yukon,Human activity,Activités humaines,11631.47,a,11631.47,a
2004,2004,YT,Yukon,Yukon,Lightning,Foudre,1708032.62,a,1708032.62,a
2005,2005,AB,Alberta,Alberta,Human activity,Activités humaines,12715.051,a,12715.051,a
2005,2005,AB,Alberta,Alberta,Prescribed burn,Brûlage dirigé,3.91,a,3.91,a
2005,2005,AB,Alberta,Alberta,Lightning,Foudre,79604.38,a,79604.38,a
2005,2005,AB,Alberta,Alberta,Reburn,Rebrûlage,0.12,a,0.12,a
2005,2005,AB,Alberta,Alberta,Unspecified,Indéterminée,45.49,a,45.49,a
2005,2005,BC,British Columbia,Colombie-Britannique,Human activity,Activités humaines,9735.405,a,9735.405,a
2005,2005,BC,British Columbia,Colombie-Britannique,Lightning,Foudre,27097.571,a,27097.571,a
2005,2005,MB,Manitoba,Manitoba,Human activity,Activités humaines,6189.3,a,6189.3,a
2005,2005,MB,Manitoba,Manitoba,Lightning,Foudre,69102.4,a,69102.4,a
2005,2005,NB,New Brunswick,Nouveau-Brunswick,Human activity,Activités humaines,459.4,a,459.4,a
2005,2005,NB,New Brunswick,Nouveau-Brunswick,Lightning,Foudre,9.9,a,9.9,a
2005,2005,NB,New Brunswick,Nouveau-Brunswick,Unspecified,Indéterminée,33,a,33,a
2005,2005,NL,Newfoundland and Labrador,Terre-Neuve-et-Labrador,Human activity,Activités humaines,187.2,a,187.2,a
2005,2005,NL,Newfoundland and Labrador,Terre-Neuve-et-Labrador,Lightning,Foudre,18061.319,a,18061.319,a
2005,2005,NS,Nova Scotia,Nouvelle-Ecosse,Human activity,Activités humaines,472,a,472,a
2005,2005,NS,Nova Scotia,Nouvelle-Ecosse,Lightning,Foudre,0,a,0,a
2005,2005,NS,Nova Scotia,Nouvelle-Ecosse,Unspecified,Indéterminée,23,a,23,a
2005,2005,NT,Northwest Territories,Territoires du Nord-Ouest,Human activity,Activités humaines,9.11,a,9.11,a
2005,2005,NT,Northwest Territories,Territoires du Nord-Ouest,Lightning,Foudre,216865.2,a,216865.2,a
2005,2005,NT,Northwest Territories,Territoires du Nord-Ouest,Unspecified,Indéterminée,1258.31,a,1258.31,a
2005,2005,ON,Ontario,Ontario,Human activity,Activités humaines,3167.900005,a,3167.900005,a
2005,2005,ON,Ontario,Ontario,Lightning,Foudre,39138.95,a,39138.95,a
2005,2005,ON,Ontario,Ontario,Unspecified,Indéterminée,44.00000005,a,44.00000005,a
2005,2005,PE,Prince Edward Island,Île-du-Prince-Édouard,Human activity,Activités humaines,44,a,44,a
2005,2005,PE,Prince Edward Island,Île-du-Prince-Édouard,Lightning,Foudre,0,a,0,a
2005,2005,PE,Prince Edward Island,Île-du-Prince-Édouard,Unspecified,Indéterminée,6,a,6,a
2005,2005,QC,Quebec,Québec,Human activity,Activités humaines,33369.6,a,33369.6,a
2005,2005,QC,Quebec,Québec,Lightning,Foudre,766770.7,a,766770.7,a
2005,2005,SK,Saskatchewan,Saskatchewan,Human activity,Activités humaines,9333.44,a,9333.44,a
2005,2005,SK,Saskatchewan,Saskatchewan,Lightning,Foudre,205584.27,a,205584.27,a
2005,2005,SK,Saskatchewan,Saskatchewan,Unspecified,Indéterminée,0.7,a,0.7,a
2005,2005,YT,Yukon,Yukon,Human activity,Activités humaines,1.51,a,1.51,a
2005,2005,YT,Yukon,Yukon,Lightning,Foudre,187436.83,a,187436.83,a
2006,2006,AB,Alberta,Alberta,Human activity,Activités humaines,23935.1,a,23935.1,a
2006,2006,AB,Alberta,Alberta,Prescribed burn,Brûlage dirigé,1.79,a,1.79,a
2006,2006,AB,Alberta,Alberta,Lightning,Foudre,106317.42,a,106317.42,a
2006,2006,AB,Alberta,Alberta,Reburn,Rebrûlage,33.26,a,33.26,a
2006,2006,AB,Alberta,Alberta,Unspecified,Indéterminée,6024.26,a,6024.26,a
2006,2006,BC,British Columbia,Colombie-Britannique,Human activity,Activités humaines,9714.723,a,9714.723,a
2006,2006,BC,British Columbia,Colombie-Britannique,Lightning,Foudre,129709.729,a,129709.729,a
2006,2006,MB,Manitoba,Manitoba,Human activity,Activités humaines,8113.4,a,8113.4,a
2006,2006,MB,Manitoba,Manitoba,Lightning,Foudre,159437,a,159437,a
2006,2006,NB,New Brunswick,Nouveau-Brunswick,Human activity,Activités humaines,574.4,a,574.4,a
2006,2006,NB,New Brunswick,Nouveau-Brunswick,Lightning,Foudre,8.7,a,8.7,a
2006,2006,NB,New Brunswick,Nouveau-Brunswick,Unspecified,Indéterminée,41.5,a,41.5,a
2006,2006,NL,Newfoundland and Labrador,Terre-Neuve-et-Labrador,Human activity,Activités humaines,153.7,a,153.7,a
2006,2006,NL,Newfoundland and Labrador,Terre-Neuve-et-Labrador,Lightning,Foudre,3311.868,a,3311.868,a
2006,2006,NS,Nova Scotia,Nouvelle-Ecosse,Human activity,Activités humaines,1562.01,a,1562.01,a
2006,2006,NS,Nova Scotia,Nouvelle-Ecosse,Unspecified,Indéterminée,484,a,484,a
2006,2006,NT,Northwest Territories,Territoires du Nord-Ouest,Human activity,Activités humaines,68.68,a,68.68,a
2006,2006,NT,Northwest Territories,Territoires du Nord-Ouest,Lightning,Foudre,61312.35,a,61312.35,a
2006,2006,NT,Northwest Territories,Territoires du Nord-Ouest,Unspecified,Indéterminée,16,a,16,a
2006,2006,ON,Ontario,Ontario,Human activity,Activités humaines,2113.199998,a,2113.199998,a
2006,2006,ON,Ontario,Ontario,Lightning,Foudre,145302.6,a,145302.6,a
2006,2006,ON,Ontario,Ontario,Unspecified,Indéterminée,2572.5,a,2572.5,a
2006,2006,PE,Prince Edward Island,Île-du-Prince-Édouard,Human activity,Activités humaines,48,a,48,a
2006,2006,PE,Prince Edward Island,Île-du-Prince-Édouard,Lightning,Foudre,0,a,0,a
2006,2006,PE,Prince Edward Island,Île-du-Prince-Édouard,Unspecified,Indéterminée,3,a,3,a
2006,2006,QC,Quebec,Québec,Human activity,Activités humaines,65212.1,a,65212.1,a
2006,2006,QC,Quebec,Québec,Lightning,Foudre,71140.5,a,71140.5,a
2006,2006,SK,Saskatchewan,Saskatchewan,Human activity,Activités humaines,182545.97,a,182545.97,a
2006,2006,SK,Saskatchewan,Saskatchewan,Lightning,Foudre,1025561.09,a,1025561.09,a
2006,2006,SK,Saskatchewan,Saskatchewan,Unspecified,Indéterminée,327.5,a,327.5,a
2006,2006,YT,Yukon,Yukon,Human activity,Activités humaines,4.04,a,4.04,a
2006,2006,YT,Yukon,Yukon,Lightning,Foudre,95029.3,a,95029.3,a
2007,2007,AB,Alberta,Alberta,Human activity,Activités humaines,1765.58,a,1765.58,a
2007,2007,AB,Alberta,Alberta,Lightning,Foudre,324225.28,a,324225.28,a
2007,2007,AB,Alberta,Alberta,Reburn,Rebrûlage,1.2,a,1.2,a
2007,2007,AB,Alberta,Alberta,Unspecified,Indéterminée,2.25,a,2.25,a
2007,2007,BC,British Columbia,Colombie-Britannique,Human activity,Activités humaines,12743.078,a,12743.078,a
2007,2007,BC,British Columbia,Colombie-Britannique,Lightning,Foudre,17243.276,a,17243.276,a
2007,2007,BC,British Columbia,Colombie-Britannique,Unspecified,Indéterminée,0.5,a,0.5,a
2007,2007,MB,Manitoba,Manitoba,Human activity,Activités humaines,5512.9,a,5512.9,a
2007,2007,MB,Manitoba,Manitoba,Lightning,Foudre,331367.9,a,331367.9,a
2007,2007,NB,New Brunswick,Nouveau-Brunswick,Human activity,Activités humaines,384.4,a,384.4,a
2007,2007,NB,New Brunswick,Nouveau-Brunswick,Lightning,Foudre,25.2,a,25.2,a
2007,2007,NB,New Brunswick,Nouveau-Brunswick,Unspecified,Indéterminée,183.4,a,183.4,a
2007,2007,NL,Newfoundland and Labrador,Terre-Neuve-et-Labrador,Human activity,Activités humaines,324.146,a,324.146,a
2007,2007,NL,Newfoundland and Labrador,Terre-Neuve-et-Labrador,Lightning,Foudre,11026.484,a,11026.484,a
2007,2007,NL,Newfoundland and Labrador,Terre-Neuve-et-Labrador,Unspecified,Indéterminée,0.293,a,0.293,a
2007,2007,NS,Nova Scotia,Nouvelle-Ecosse,Human activity,Activités humaines,510,a,510,a
2007,2007,NS,Nova Scotia,Nouvelle-Ecosse,Lightning,Foudre,0,a,0,a
2007,2007,NS,Nova Scotia,Nouvelle-Ecosse,Unspecified,Indéterminée,181,a,181,a
2007,2007,NT,Northwest Territories,Territoires du Nord-Ouest,Human activity,Activités humaines,22183.3,a,22183.3,a
2007,2007,NT,Northwest Territories,Territoires du Nord-Ouest,Lightning,Foudre,422923.87,a,422923.87,a
2007,2007,NT,Northwest Territories,Territoires du Nord-Ouest,Unspecified,Indéterminée,22.21,a,22.21,a
2007,2007,ON,Ontario,Ontario,Human activity,Activités humaines,33191.4,a,33191.4,a
2007,2007,ON,Ontario,Ontario,Prescribed burn,Brûlage dirigé,25,a,25,a
2007,2007,ON,Ontario,Ontario,Lightning,Foudre,6747.100001,a,6747.100001,a
2007,2007,ON,Ontario,Ontario,Unspecified,Indéterminée,713.9,a,713.9,a
2007,2007,PE,Prince Edward Island,Île-du-Prince-Édouard,Human activity,Activités humaines,0.02,a,0.02,a
2007,2007,PE,Prince Edward Island,Île-du-Prince-Édouard,Human activity,Activités humaines,18,a,18,a
2007,2007,PE,Prince Edward Island,Île-du-Prince-Édouard,Lightning,Foudre,0,a,0,a
2007,2007,PE,Prince Edward Island,Île-du-Prince-Édouard,Unspecified,Indéterminée,1,a,1,a
2007,2007,QC,Quebec,Québec,Human activity,Activités humaines,120758.4,a,120758.4,a
2007,2007,QC,Quebec,Québec,Lightning,Foudre,221956.9,a,221956.9,a
2007,2007,SK,Saskatchewan,Saskatchewan,Human activity,Activités humaines,4767.66,a,4767.66,a
2007,2007,SK,Saskatchewan,Saskatchewan,Lightning,Foudre,208304.56,a,208304.56,a
2007,2007,YT,Yukon,Yukon,Human activity,Activités humaines,13989.01,a,13989.01,a
2007,2007,YT,Yukon,Yukon,Lightning,Foudre,24368.75,a,24368.75,a
2008,2008,AB,Alberta,Alberta,Human activity,Activités humaines,10672.58,a,10672.58,a
2008,2008,AB,Alberta,Alberta,Prescribed burn,Brûlage dirigé,2914.11,a,2914.11,a
2008,2008,AB,Alberta,Alberta,Lightning,Foudre,22869.17,a,22869.17,a
2008,2008,AB,Alberta,Alberta,Reburn,Rebrûlage,8.42,a,8.42,a
2008,2008,AB,Alberta,Alberta,Unspecified,Indéterminée,70.96,a,70.96,a
2008,2008,BC,British Columbia,Colombie-Britannique,Human activity,Activités humaines,8649.376,a,8649.376,a
2008,2008,BC,British Columbia,Colombie-Britannique,Prescribed burn,Brûlage dirigé,1813,a,1813,a
2008,2008,BC,British Columbia,Colombie-Britannique,Lightning,Foudre,4801.454,a,4801.454,a
2008,2008,BC,British Columbia,Colombie-Britannique,Unspecified,Indéterminée,37.1,a,37.1,a
2008,2008,MB,Manitoba,Manitoba,Human activity,Activités humaines,73198.2,a,73198.2,a
2008,2008,MB,Manitoba,Manitoba,Prescribed burn,Brûlage dirigé,4250,a,4250,a
2008,2008,MB,Manitoba,Manitoba,Lightning,Foudre,77474.4,a,77474.4,a
2008,2008,NB,New Brunswick,Nouveau-Brunswick,Human activity,Activités humaines,125.7,a,125.7,a
2008,2008,NB,New Brunswick,Nouveau-Brunswick,Lightning,Foudre,6.8,a,6.8,a
2008,2008,NB,New Brunswick,Nouveau-Brunswick,Unspecified,Indéterminée,10,a,10,a
2008,2008,NL,Newfoundland and Labrador,Terre-Neuve-et-Labrador,Human activity,Activités humaines,98.4,a,98.4,a
2008,2008,NL,Newfoundland and Labrador,Terre-Neuve-et-Labrador,Prescribed burn,Brûlage dirigé,29,a,29,a
2008,2008,NL,Newfoundland and Labrador,Terre-Neuve-et-Labrador,Lightning,Foudre,1.6,a,1.6,a
2008,2008,NS,Nova Scotia,Nouvelle-Ecosse,Human activity,Activités humaines,2638.01,a,2638.01,a
2008,2008,NS,Nova Scotia,Nouvelle-Ecosse,Lightning,Foudre,0,a,0,a
2008,2008,NS,Nova Scotia,Nouvelle-Ecosse,Unspecified,Indéterminée,62,a,62,a
2008,2008,NT,Northwest Territories,Territoires du Nord-Ouest,Human activity,Activités humaines,19.78,a,19.78,a
2008,2008,NT,Northwest Territories,Territoires du Nord-Ouest,Lightning,Foudre,308546.47,a,308546.47,a
2008,2008,NT,Northwest Territories,Territoires du Nord-Ouest,Unspecified,Indéterminée,222.5,a,222.5,a
2008,2008,ON,Ontario,Ontario,Human activity,Activités humaines,106.6000002,a,106.6000002,a
2008,2008,ON,Ontario,Ontario,Prescribed burn,Brûlage dirigé,100,a,100,a
2008,2008,ON,Ontario,Ontario,Lightning,Foudre,1193.7,a,1193.7,a
2008,2008,ON,Ontario,Ontario,Unspecified,Indéterminée,16.70100025,a,16.70100025,a
2008,2008,PE,Prince Edward Island,Île-du-Prince-Édouard,Human activity,Activités humaines,0.5,a,0.5,a
2008,2008,PE,Prince Edward Island,Île-du-Prince-Édouard,Unspecified,Indéterminée,0.5,a,0.5,a
2008,2008,PE,Prince Edward Island,Île-du-Prince-Édouard,Human activity,Activités humaines,3,a,3,a
2008,2008,PE,Prince Edward Island,Île-du-Prince-Édouard,Lightning,Foudre,0,a,0,a
2008,2008,PE,Prince Edward Island,Île-du-Prince-Édouard,Unspecified,Indéterminée,0,a,0,a
2008,2008,QC,Quebec,Québec,Human activity,Activités humaines,148.2,a,148.2,a
2008,2008,QC,Quebec,Québec,Prescribed burn,Brûlage dirigé,115,a,115,a
2008,2008,QC,Quebec,Québec,Lightning,Foudre,1333.4,a,1333.4,a
2008,2008,SK,Saskatchewan,Saskatchewan,Human activity,Activités humaines,31062.48,a,31062.48,a
2008,2008,SK,Saskatchewan,Saskatchewan,Prescribed burn,Brûlage dirigé,76,a,76,a
2008,2008,SK,Saskatchewan,Saskatchewan,Lightning,Foudre,1099181.81,a,1099181.81,a
2008,2008,YT,Yukon,Yukon,Human activity,Activités humaines,11.83,a,11.83,a
2008,2008,YT,Yukon,Yukon,Lightning,Foudre,13056.05,a,13056.05,a
2009,2009,AB,Alberta,Alberta,Human activity,Activités humaines,22239.18,a,22239.18,a
2009,2009,AB,Alberta,Alberta,Prescribed burn,Brûlage dirigé,5170.99,a,5170.99,a
2009,2009,AB,Alberta,Alberta,Lightning,Foudre,67111.06,a,67111.06,a
2009,2009,AB,Alberta,Alberta,Reburn,Rebrûlage,5.97,a,5.97,a
2009,2009,AB,Alberta,Alberta,Unspecified,Indéterminée,31.27,a,31.27,a
2009,2009,BC,British Columbia,Colombie-Britannique,Human activity,Activités humaines,26716.728,a,26716.728,a
2009,2009,BC,British Columbia,Colombie-Britannique,Prescribed burn,Brûlage dirigé,100,a,100,a
2009,2009,BC,British Columbia,Colombie-Britannique,Lightning,Foudre,220703.056,a,220703.056,a
2009,2009,MB,Manitoba,Manitoba,Human activity,Activités humaines,2230.2,a,2230.2,a
2009,2009,MB,Manitoba,Manitoba,Prescribed burn,Brûlage dirigé,420,a,420,a
2009,2009,MB,Manitoba,Manitoba,Lightning,Foudre,641.8,a,641.8,a
2009,2009,NB,New Brunswick,Nouveau-Brunswick,Human activity,Activités humaines,233.7,a,233.7,a
2009,2009,NB,New Brunswick,Nouveau-Brunswick,Lightning,Foudre,0.2,a,0.2,a
2009,2009,NB,New Brunswick,Nouveau-Brunswick,Unspecified,Indéterminée,20,a,20,a
2009,2009,NL,Newfoundland and Labrador,Terre-Neuve-et-Labrador,Human activity,Activités humaines,392.584,a,392.584,a
2009,2009,NL,Newfoundland and Labrador,Terre-Neuve-et-Labrador,Prescribed burn,Brûlage dirigé,15,a,15,a
2009,2009,NL,Newfoundland and Labrador,Terre-Neuve-et-Labrador,Lightning,Foudre,16263.609,a,16263.609,a
2009,2009,NS,Nova Scotia,Nouvelle-Ecosse,Human activity,Activités humaines,858,a,858,a
2009,2009,NS,Nova Scotia,Nouvelle-Ecosse,Prescribed burn,Brûlage dirigé,33.3,a,33.3,a
2009,2009,NS,Nova Scotia,Nouvelle-Ecosse,Unspecified,Indéterminée,25,a,25,a
2009,2009,NT,Northwest Territories,Territoires du Nord-Ouest,Human activity,Activités humaines,22.6,a,22.6,a
2009,2009,NT,Northwest Territories,Territoires du Nord-Ouest,Lightning,Foudre,10314.35,a,10314.35,a
2009,2009,NT,Northwest Territories,Territoires du Nord-Ouest,Unspecified,Indéterminée,0.1,a,0.1,a
2009,2009,ON,Ontario,Ontario,Human activity,Activités humaines,375.4000002,a,375.4000002,a
2009,2009,ON,Ontario,Ontario,Prescribed burn,Brûlage dirigé,1,a,1,a
2009,2009,ON,Ontario,Ontario,Lightning,Foudre,20308.1,a,20308.1,a
2009,2009,ON,Ontario,Ontario,Unspecified,Indéterminée,9.282000019,a,9.282000019,a
2009,2009,PE,Prince Edward Island,Île-du-Prince-Édouard,Human activity,Activités humaines,3,a,3,a
2009,2009,PE,Prince Edward Island,Île-du-Prince-Édouard,Lightning,Foudre,0,a,0,a
2009,2009,PE,Prince Edward Island,Île-du-Prince-Édouard,Unspecified,Indéterminée,0,a,0,a
2009,2009,QC,Quebec,Québec,Human activity,Activités humaines,2246.3,a,2246.3,a
2009,2009,QC,Quebec,Québec,Prescribed burn,Brûlage dirigé,28.8,a,28.8,a
2009,2009,QC,Quebec,Québec,Lightning,Foudre,91725.4,a,91725.4,a
2009,2009,SK,Saskatchewan,Saskatchewan,Human activity,Activités humaines,4921.63,a,4921.63,a
2009,2009,SK,Saskatchewan,Saskatchewan,Prescribed burn,Brûlage dirigé,1231,a,1231,a
2009,2009,SK,Saskatchewan,Saskatchewan,Lightning,Foudre,37655.34,a,37655.34,a
2009,2009,SK,Saskatchewan,Saskatchewan,Unspecified,Indéterminée,0.55,a,0.55,a
2009,2009,YT,Yukon,Yukon,Human activity,Activités humaines,3.23,a,3.23,a
2009,2009,YT,Yukon,Yukon,Lightning,Foudre,230509.12,a,230509.12,a
2010,2010,AB,Alberta,Alberta,Human activity,Activités humaines,2271.29,a,2271.29,a
2010,2010,AB,Alberta,Alberta,Prescribed burn,Brûlage dirigé,11,a,11,a
2010,2010,AB,Alberta,Alberta,Lightning,Foudre,84448.44,a,84448.44,a
2010,2010,AB,Alberta,Alberta,Reburn,Rebrûlage,138.82,a,138.82,a
2010,2010,AB,Alberta,Alberta,Unspecified,Indéterminée,83.14,a,83.14,a
2010,2010,BC,British Columbia,Colombie-Britannique,Human activity,Activités humaines,10436.573,a,10436.573,a
2010,2010,BC,British Columbia,Colombie-Britannique,Prescribed burn,Brûlage dirigé,12,a,12,a
2010,2010,BC,British Columbia,Colombie-Britannique,Lightning,Foudre,326732.176,a,326732.176,a
2010,2010,BC,British Columbia,Colombie-Britannique,Unspecified,Indéterminée,0.1,a,0.1,a
2010,2010,MB,Manitoba,Manitoba,Human activity,Activités humaines,22396.6,a,22396.6,a
2010,2010,MB,Manitoba,Manitoba,Prescribed burn,Brûlage dirigé,1765,a,1765,a
2010,2010,MB,Manitoba,Manitoba,Lightning,Foudre,165098.7,a,165098.7,a
2010,2010,NB,New Brunswick,Nouveau-Brunswick,Human activity,Activités humaines,130.5,a,130.5,a
2010,2010,NB,New Brunswick,Nouveau-Brunswick,Lightning,Foudre,10.8,a,10.8,a
2010,2010,NB,New Brunswick,Nouveau-Brunswick,Unspecified,Indéterminée,15,a,15,a
2010,2010,NL,Newfoundland and Labrador,Terre-Neuve-et-Labrador,Human activity,Activités humaines,38.6,a,38.6,a
2010,2010,NL,Newfoundland and Labrador,Terre-Neuve-et-Labrador,Lightning,Foudre,956.649,a,956.649,a
2010,2010,NS,Nova Scotia,Nouvelle-Ecosse,Human activity,Activités humaines,0.3,a,0.3,a
2010,2010,NS,Nova Scotia,Nouvelle-Ecosse,Prescribed burn,Brûlage dirigé,2.3,a,2.3,a
2010,2010,NS,Nova Scotia,Nouvelle-Ecosse,Unspecified,Indéterminée,435.74,a,435.74,a
2010,2010,NT,Northwest Territories,Territoires du Nord-Ouest,Human activity,Activités humaines,152.56,a,152.56,a
2010,2010,NT,Northwest Territories,Territoires du Nord-Ouest,Lightning,Foudre,350649.38,a,350649.38,a
2010,2010,NT,Northwest Territories,Territoires du Nord-Ouest,Unspecified,Indéterminée,125.05,a,125.05,a
2010,2010,ON,Ontario,Ontario,Human activity,Activités humaines,2609.4,a,2609.4,a
2010,2010,ON,Ontario,Ontario,Prescribed burn,Brûlage dirigé,7,a,7,a
2010,2010,ON,Ontario,Ontario,Lightning,Foudre,10108.9,a,10108.9,a
2010,2010,ON,Ontario,Ontario,Unspecified,Indéterminée,2110.9,a,2110.9,a
2010,2010,PE,Prince Edward Island,Île-du-Prince-Édouard,Human activity,Activités humaines,5,a,5,a
2010,2010,PE,Prince Edward Island,Île-du-Prince-Édouard,Lightning,Foudre,0,a,0,a
2010,2010,PE,Prince Edward Island,Île-du-Prince-Édouard,Unspecified,Indéterminée,0,a,0,a
2010,2010,QC,Quebec,Québec,Human activity,Activités humaines,36000.1,a,36000.1,a
2010,2010,QC,Quebec,Québec,Prescribed burn,Brûlage dirigé,30,a,30,a
2010,2010,QC,Quebec,Québec,Lightning,Foudre,278883.9,a,278883.9,a
2010,2010,SK,Saskatchewan,Saskatchewan,Human activity,Activités humaines,208262.31,a,208262.31,a
2010,2010,SK,Saskatchewan,Saskatchewan,Prescribed burn,Brûlage dirigé,284.7,a,284.7,a
2010,2010,SK,Saskatchewan,Saskatchewan,Lightning,Foudre,1526789.11,a,1526789.11,a
2010,2010,YT,Yukon,Yukon,Human activity,Activités humaines,5261.58,a,5261.58,a
2010,2010,YT,Yukon,Yukon,Lightning,Foudre,141701.69,a,141701.69,a
2011,2011,AB,Alberta,Alberta,Human activity,Activités humaines,142949.63,a,142949.63,a
2011,2011,AB,Alberta,Alberta,Prescribed burn,Brûlage dirigé,1423.2,a,1423.2,a
2011,2011,AB,Alberta,Alberta,Lightning,Foudre,97628.15,a,97628.15,a
2011,2011,AB,Alberta,Alberta,Reburn,Rebrûlage,0.16,a,0.16,a
2011,2011,AB,Alberta,Alberta,Unspecified,Indéterminée,650231.14,a,650231.14,a
2011,2011,BC,British Columbia,Colombie-Britannique,Human activity,Activités humaines,1183.301,a,1183.301,a
2011,2011,BC,British Columbia,Colombie-Britannique,Prescribed burn,Brûlage dirigé,585,a,585,a
2011,2011,BC,British Columbia,Colombie-Britannique,Lightning,Foudre,11379.726,a,11379.726,a
2011,2011,BC,British Columbia,Colombie-Britannique,Unspecified,Indéterminée,5,a,5,a
2011,2011,MB,Manitoba,Manitoba,Human activity,Activités humaines,26229.3,a,26229.3,a
2011,2011,MB,Manitoba,Manitoba,Prescribed burn,Brûlage dirigé,1967,a,1967,a
2011,2011,MB,Manitoba,Manitoba,Lightning,Foudre,100615.2,a,100615.2,a
2011,2011,MB,Manitoba,Manitoba,Unspecified,Indéterminée,0.25,a,0.25,a
2011,2011,NB,New Brunswick,Nouveau-Brunswick,Human activity,Activités humaines,33.4,a,33.4,a
2011,2011,NB,New Brunswick,Nouveau-Brunswick,Lightning,Foudre,2.2,a,2.2,a
2011,2011,NB,New Brunswick,Nouveau-Brunswick,Unspecified,Indéterminée,1.9,a,1.9,a
2011,2011,NL,Newfoundland and Labrador,Terre-Neuve-et-Labrador,Human activity,Activités humaines,38.5,a,38.5,a
2011,2011,NL,Newfoundland and Labrador,Terre-Neuve-et-Labrador,Unspecified,Indéterminée,387.21487,a,387.21487,a
2011,2011,NS,Nova Scotia,Nouvelle-Ecosse,Unspecified,Indéterminée,150.27,a,150.27,a
2011,2011,NT,Northwest Territories,Territoires du Nord-Ouest,Human activity,Activités humaines,151.17,a,151.17,a
2011,2011,NT,Northwest Territories,Territoires du Nord-Ouest,Lightning,Foudre,329462.2675,a,329462.2675,a
2011,2011,NT,Northwest Territories,Territoires du Nord-Ouest,Unspecified,Indéterminée,71.3871,a,71.3871,a
2011,2011,ON,Ontario,Ontario,Human activity,Activités humaines,1851.500001,a,1851.500001,a
2011,2011,ON,Ontario,Ontario,Prescribed burn,Brûlage dirigé,600.4,a,600.4,a
2011,2011,ON,Ontario,Ontario,Lightning,Foudre,632086.6,a,632086.6,a
2011,2011,ON,Ontario,Ontario,Unspecified,Indéterminée,1437.6,a,1437.6,a
2011,2011,PE,Prince Edward Island,Île-du-Prince-Édouard,Human activity,Activités humaines,5,a,5,a
2011,2011,PE,Prince Edward Island,Île-du-Prince-Édouard,Lightning,Foudre,0,a,0,a
2011,2011,PE,Prince Edward Island,Île-du-Prince-Édouard,Unspecified,Indéterminée,1,a,1,a
2011,2011,QC,Quebec,Québec,Human activity,Activités humaines,2272.701,a,2272.701,a
2011,2011,QC,Quebec,Québec,Prescribed burn,Brûlage dirigé,1.2,a,1.2,a
2011,2011,QC,Quebec,Québec,Lightning,Foudre,10124.8,a,10124.8,a
2011,2011,SK,Saskatchewan,Saskatchewan,Human activity,Activités humaines,55505.7,a,55505.7,a
2011,2011,SK,Saskatchewan,Saskatchewan,Prescribed burn,Brûlage dirigé,240,a,240,a
2011,2011,SK,Saskatchewan,Saskatchewan,Lightning,Foudre,288341.69,a,288341.69,a
2011,2011,YT,Yukon,Yukon,Human activity,Activités humaines,119.88,a,119.88,a
2011,2011,YT,Yukon,Yukon,Lightning,Foudre,40344.45,a,40344.45,a
2012,2012,AB,Alberta,Alberta,Human activity,Activités humaines,7553.321,a,7553.321,a
2012,2012,AB,Alberta,Alberta,Prescribed burn,Brûlage dirigé,2,a,2,a
2012,2012,AB,Alberta,Alberta,Lightning,Foudre,644114.83,a,644114.83,a
2012,2012,AB,Alberta,Alberta,Unspecified,Indéterminée,414.3,a,414.3,a
2012,2012,BC,British Columbia,Colombie-Britannique,Human activity,Activités humaines,5606.907,a,5606.907,a
2012,2012,BC,British Columbia,Colombie-Britannique,Lightning,Foudre,97611.864,a,97611.864,a
2012,2012,MB,Manitoba,Manitoba,Human activity,Activités humaines,21027,a,21027,a
2012,2012,MB,Manitoba,Manitoba,Lightning,Foudre,195861.4,a,195861.4,a
2012,2012,MB,Manitoba,Manitoba,Unspecified,Indéterminée,620,a,620,a
2012,2012,NB,New Brunswick,Nouveau-Brunswick,Human activity,Activités humaines,287.9,a,287.9,a
2012,2012,NB,New Brunswick,Nouveau-Brunswick,Lightning,Foudre,0.8,a,0.8,a
2012,2012,NB,New Brunswick,Nouveau-Brunswick,Unspecified,Indéterminée,72.4,a,72.4,a
2012,2012,NL,Newfoundland and Labrador,Terre-Neuve-et-Labrador,Human activity,Activités humaines,1671.9,a,1671.9,a
2012,2012,NL,Newfoundland and Labrador,Terre-Neuve-et-Labrador,Lightning,Foudre,109.1,a,109.1,a
2012,2012,NL,Newfoundland and Labrador,Terre-Neuve-et-Labrador,Unspecified,Indéterminée,27501.68559,a,27501.68559,a
2012,2012,NS,Nova Scotia,Nouvelle-Ecosse,Lightning,Foudre,2.5,a,2.5,a
2012,2012,NS,Nova Scotia,Nouvelle-Ecosse,Unspecified,Indéterminée,361.81,a,361.81,a
2012,2012,NT,Northwest Territories,Territoires du Nord-Ouest,Human activity,Activités humaines,597.3,a,597.3,a
2012,2012,NT,Northwest Territories,Territoires du Nord-Ouest,Lightning,Foudre,301322.84,a,301322.84,a
2012,2012,NT,Northwest Territories,Territoires du Nord-Ouest,Unspecified,Indéterminée,2615.22,a,2615.22,a
2012,2012,ON,Ontario,Ontario,Human activity,Activités humaines,43439.0501,a,43439.0501,a
2012,2012,ON,Ontario,Ontario,Prescribed burn,Brûlage dirigé,1444.2,a,1444.2,a
2012,2012,ON,Ontario,Ontario,Lightning,Foudre,107923.3,a,107923.3,a
2012,2012,ON,Ontario,Ontario,Unspecified,Indéterminée,236.1999998,a,236.1999998,a
2012,2012,PE,Prince Edward Island,Île-du-Prince-Édouard,Human activity,Activités humaines,11,a,11,a
2012,2012,PE,Prince Edward Island,Île-du-Prince-Édouard,Lightning,Foudre,0,a,0,a
2012,2012,PE,Prince Edward Island,Île-du-Prince-Édouard,Unspecified,Indéterminée,1,a,1,a
2012,2012,QC,Quebec,Québec,Human activity,Activités humaines,24781.701,a,24781.701,a
2012,2012,QC,Quebec,Québec,Prescribed burn,Brûlage dirigé,1.1,a,1.1,a
2012,2012,QC,Quebec,Québec,Lightning,Foudre,39261.4,a,39261.4,a
2012,2012,SK,Saskatchewan,Saskatchewan,Human activity,Activités humaines,6861.42,a,6861.42,a
2012,2012,SK,Saskatchewan,Saskatchewan,Prescribed burn,Brûlage dirigé,1180,a,1180,a
2012,2012,SK,Saskatchewan,Saskatchewan,Lightning,Foudre,220913.8,a,220913.8,a
2012,2012,SK,Saskatchewan,Saskatchewan,Unspecified,Indéterminée,1.1,a,1.1,a
2012,2012,YT,Yukon,Yukon,Human activity,Activités humaines,6.97,a,6.97,a
2012,2012,YT,Yukon,Yukon,Lightning,Foudre,58273.73,a,58273.73,a
2013,2013,AB,Alberta,Alberta,Human activity,Activités humaines,2101.11,a,2101.11,a
2013,2013,AB,Alberta,Alberta,Prescribed burn,Brûlage dirigé,166.8,a,166.8,a
2013,2013,AB,Alberta,Alberta,Lightning,Foudre,48634.44,a,48634.44,a
2013,2013,AB,Alberta,Alberta,Unspecified,Indéterminée,4830.4,a,4830.4,a
2013,2013,BC,British Columbia,Colombie-Britannique,Human activity,Activités humaines,4954.3372,a,4954.3372,a
2013,2013,BC,British Columbia,Colombie-Britannique,Lightning,Foudre,13882.003,a,13882.003,a
2013,2013,BC,British Columbia,Colombie-Britannique,Unspecified,Indéterminée,0,a,0,a
2013,2013,MB,Manitoba,Manitoba,Human activity,Activités humaines,895.6,a,895.6,a
2013,2013,MB,Manitoba,Manitoba,Prescribed burn,Brûlage dirigé,42,a,42,a
2013,2013,MB,Manitoba,Manitoba,Lightning,Foudre,1114519.2,a,1114519.2,a
2013,2013,NB,New Brunswick,Nouveau-Brunswick,Human activity,Activités humaines,845.5,a,845.5,a
2013,2013,NB,New Brunswick,Nouveau-Brunswick,Lightning,Foudre,0.2,a,0.2,a
2013,2013,NB,New Brunswick,Nouveau-Brunswick,Unspecified,Indéterminée,34.4,a,34.4,a
2013,2013,NL,Newfoundland and Labrador,Terre-Neuve-et-Labrador,Human activity,Activités humaines,27668.735,a,27668.735,a
2013,2013,NL,Newfoundland and Labrador,Terre-Neuve-et-Labrador,Lightning,Foudre,2474.861,a,2474.861,a
2013,2013,NS,Nova Scotia,Nouvelle-Ecosse,Human activity,Activités humaines,295.217,a,295.217,a
2013,2013,NS,Nova Scotia,Nouvelle-Ecosse,Prescribed burn,Brûlage dirigé,6.06,a,6.06,a
2013,2013,NS,Nova Scotia,Nouvelle-Ecosse,Lightning,Foudre,0.1,a,0.1,a
2013,2013,NS,Nova Scotia,Nouvelle-Ecosse,Unspecified,Indéterminée,6.03,a,6.03,a
2013,2013,NT,Northwest Territories,Territoires du Nord-Ouest,Human activity,Activités humaines,1188.4,a,1188.4,a
2013,2013,NT,Northwest Territories,Territoires du Nord-Ouest,Lightning,Foudre,553870.82,a,553870.82,a
2013,2013,ON,Ontario,Ontario,Human activity,Activités humaines,823.7000011,a,823.7000011,a
2013,2013,ON,Ontario,Ontario,Prescribed burn,Brûlage dirigé,0.5,a,0.5,a
2013,2013,ON,Ontario,Ontario,Lightning,Foudre,50216.4,a,50216.4,a
2013,2013,ON,Ontario,Ontario,Unspecified,Indéterminée,49.89999852,a,49.89999852,a
2013,2013,PE,Prince Edward Island,Île-du-Prince-Édouard,Human activity,Activités humaines,0,a,0,a
2013,2013,PE,Prince Edward Island,Île-du-Prince-Édouard,Human activity,Activités humaines,76,a,76,a
2013,2013,PE,Prince Edward Island,Île-du-Prince-Édouard,Lightning,Foudre,0,a,0,a
2013,2013,PE,Prince Edward Island,Île-du-Prince-Édouard,Unspecified,Indéterminée,5,a,5,a
2013,2013,QC,Quebec,Québec,Human activity,Activités humaines,17130.83,a,17130.83,a
2013,2013,QC,Quebec,Québec,Lightning,Foudre,1855711.5,a,1855711.5,a
2013,2013,SK,Saskatchewan,Saskatchewan,Human activity,Activités humaines,12218.22,a,12218.22,a
2013,2013,SK,Saskatchewan,Saskatchewan,Prescribed burn,Brûlage dirigé,905.8,a,905.8,a
2013,2013,SK,Saskatchewan,Saskatchewan,Lightning,Foudre,356634.5,a,356634.5,a
2013,2013,SK,Saskatchewan,Saskatchewan,Unspecified,Indéterminée,0.01,a,0.01,a
2013,2013,YT,Yukon,Yukon,Human activity,Activités humaines,6.45,a,6.45,a
2013,2013,YT,Yukon,Yukon,Lightning,Foudre,198307.34,a,198307.34,a
2014,2014,AB,Alberta,Alberta,Human activity,Activités humaines,1203.841,a,1203.841,a
2014,2014,AB,Alberta,Alberta,Prescribed burn,Brûlage dirigé,201,a,201,a
2014,2014,AB,Alberta,Alberta,Lightning,Foudre,286625.28,a,286625.28,a
2014,2014,AB,Alberta,Alberta,Unspecified,Indéterminée,19.12,a,19.12,a
2014,2014,BC,British Columbia,Colombie-Britannique,Human activity,Activités humaines,8085.2051,a,8085.2051,a
2014,2014,BC,British Columbia,Colombie-Britannique,Prescribed burn,Brûlage dirigé,1,a,1,a
2014,2014,BC,British Columbia,Colombie-Britannique,Lightning,Foudre,360841.332,a,360841.332,a
2014,2014,BC,British Columbia,Colombie-Britannique,Unspecified,Indéterminée,0.45,a,0.45,a
2014,2014,MB,Manitoba,Manitoba,Human activity,Activités humaines,1171.5,a,1171.5,a
2014,2014,MB,Manitoba,Manitoba,Prescribed burn,Brûlage dirigé,100,a,100,a
2014,2014,MB,Manitoba,Manitoba,Lightning,Foudre,37936.4,a,37936.4,a
2014,2014,NB,New Brunswick,Nouveau-Brunswick,Human activity,Activités humaines,101.3,a,101.3,a
2014,2014,NB,New Brunswick,Nouveau-Brunswick,Lightning,Foudre,0.5,a,0.5,a
2014,2014,NB,New Brunswick,Nouveau-Brunswick,Unspecified,Indéterminée,11.3,a,11.3,a
2014,2014,NL,Newfoundland and Labrador,Terre-Neuve-et-Labrador,Prescribed burn,Brûlage dirigé,4.36,a,4.36,a
2014,2014,NL,Newfoundland and Labrador,Terre-Neuve-et-Labrador,Unspecified,Indéterminée,8832,a,8832,a
2014,2014,NS,Nova Scotia,Nouvelle-Ecosse,Human activity,Activités humaines,536.6107,a,536.6107,a
2014,2014,NS,Nova Scotia,Nouvelle-Ecosse,Unspecified,Indéterminée,27.86,a,27.86,a
2014,2014,NT,Northwest Territories,Territoires du Nord-Ouest,Human activity,Activités humaines,10616.38,a,10616.38,a
2014,2014,NT,Northwest Territories,Territoires du Nord-Ouest,Lightning,Foudre,3410696.14,a,3410696.14,a
2014,2014,ON,Ontario,Ontario,Human activity,Activités humaines,241.9000009,a,241.9000009,a
2014,2014,ON,Ontario,Ontario,Prescribed burn,Brûlage dirigé,985,a,985,a
2014,2014,ON,Ontario,Ontario,Lightning,Foudre,5143.7,a,5143.7,a
2014,2014,ON,Ontario,Ontario,Unspecified,Indéterminée,0.900000011,a,0.900000011,a
2014,2014,PE,Prince Edward Island,Île-du-Prince-Édouard,Human activity,Activités humaines,3,a,3,a
2014,2014,PE,Prince Edward Island,Île-du-Prince-Édouard,Lightning,Foudre,,a,,a
2014,2014,PE,Prince Edward Island,Île-du-Prince-Édouard,Unspecified,Indéterminée,,a,,a
2014,2014,QC,Quebec,Québec,Human activity,Activités humaines,8416.501,a,8416.501,a
2014,2014,QC,Quebec,Québec,Prescribed burn,Brûlage dirigé,182,a,182,a
2014,2014,QC,Quebec,Québec,Lightning,Foudre,55304.2,a,55304.2,a
2014,2014,SK,Saskatchewan,Saskatchewan,Human activity,Activités humaines,15529.66,a,15529.66,a
2014,2014,SK,Saskatchewan,Saskatchewan,Prescribed burn,Brûlage dirigé,2425,a,2425,a
2014,2014,SK,Saskatchewan,Saskatchewan,Lightning,Foudre,327253.82,a,327253.82,a
2014,2014,YT,Yukon,Yukon,Human activity,Activités humaines,23.581,a,23.581,a
2014,2014,YT,Yukon,Yukon,Lightning,Foudre,3137.013,a,3137.013,a
2015,2015,AB,Alberta,Alberta,Human activity,Activités humaines,38618.049,a,38618.049,a
2015,2015,AB,Alberta,Alberta,Prescribed burn,Brûlage dirigé,2972.4,a,2972.4,a
2015,2015,AB,Alberta,Alberta,Lightning,Foudre,801712.27,a,801712.27,a
2015,2015,AB,Alberta,Alberta,Unspecified,Indéterminée,570.39,a,570.39,a
2015,2015,BC,British Columbia,Colombie-Britannique,Human activity,Activités humaines,57127.006,a,57127.006,a
2015,2015,BC,British Columbia,Colombie-Britannique,Prescribed burn,Brûlage dirigé,90,a,90,a
2015,2015,BC,British Columbia,Colombie-Britannique,Lightning,Foudre,223740.766,a,223740.766,a
2015,2015,MB,Manitoba,Manitoba,Human activity,Activités humaines,6778.6,a,6778.6,a
2015,2015,MB,Manitoba,Manitoba,Prescribed burn,Brûlage dirigé,1055,a,1055,a
2015,2015,MB,Manitoba,Manitoba,Lightning,Foudre,61353,a,61353,a
2015,2015,MB,Manitoba,Manitoba,Unspecified,Indéterminée,6.1,a,6.1,a
2015,2015,NB,New Brunswick,Nouveau-Brunswick,Human activity,Activités humaines,197.9,a,197.9,a
2015,2015,NB,New Brunswick,Nouveau-Brunswick,Lightning,Foudre,45.6,a,45.6,a
2015,2015,NB,New Brunswick,Nouveau-Brunswick,Unspecified,Indéterminée,19,a,19,a
2015,2015,NL,Newfoundland and Labrador,Terre-Neuve-et-Labrador,Human activity,Activités humaines,9.9,a,9.9,a
2015,2015,NL,Newfoundland and Labrador,Terre-Neuve-et-Labrador,Prescribed burn,Brûlage dirigé,81.5,a,81.5,a
2015,2015,NL,Newfoundland and Labrador,Terre-Neuve-et-Labrador,Lightning,Foudre,3579.9,a,3579.9,a
2015,2015,NS,Nova Scotia,Nouvelle-Ecosse,Human activity,Activités humaines,511.5599,a,511.5599,a
2015,2015,NS,Nova Scotia,Nouvelle-Ecosse,Prescribed burn,Brûlage dirigé,33.8,a,33.8,a
2015,2015,NS,Nova Scotia,Nouvelle-Ecosse,Unspecified,Indéterminée,5.29,a,5.29,a
2015,2015,NT,Northwest Territories,Territoires du Nord-Ouest,Human activity,Activités humaines,4.05,a,4.05,a
2015,2015,NT,Northwest Territories,Territoires du Nord-Ouest,Lightning,Foudre,722102.59,a,722102.59,a
2015,2015,ON,Ontario,Ontario,Human activity,Activités humaines,1243.500102,a,1243.500102,a
2015,2015,ON,Ontario,Ontario,Prescribed burn,Brûlage dirigé,3421,a,3421,a
2015,2015,ON,Ontario,Ontario,Lightning,Foudre,38063.8,a,38063.8,a
2015,2015,ON,Ontario,Ontario,Unspecified,Indéterminée,5.600000104,a,5.600000104,a
2015,2015,PE,Prince Edward Island,Île-du-Prince-Édouard,Human activity,Activités humaines,3,a,3,a
2015,2015,PE,Prince Edward Island,Île-du-Prince-Édouard,Lightning,Foudre,,a,,a
2015,2015,PE,Prince Edward Island,Île-du-Prince-Édouard,Unspecified,Indéterminée,,a,,a
2015,2015,QC,Quebec,Québec,Human activity,Activités humaines,1460.7001,a,1460.7001,a
2015,2015,QC,Quebec,Québec,Prescribed burn,Brûlage dirigé,778.2,a,778.2,a
2015,2015,QC,Quebec,Québec,Lightning,Foudre,3919.3,a,3919.3,a
2015,2015,SK,Saskatchewan,Saskatchewan,Human activity,Activités humaines,41757.38082,a,41757.38082,a
2015,2015,SK,Saskatchewan,Saskatchewan,Prescribed burn,Brûlage dirigé,1673.2,a,1673.2,a
2015,2015,SK,Saskatchewan,Saskatchewan,Lightning,Foudre,1725597.369,a,1725597.369,a
2015,2015,YT,Yukon,Yukon,Human activity,Activités humaines,41.9,a,41.9,a
2015,2015,YT,Yukon,Yukon,Lightning,Foudre,169800.71,a,169800.71,a
2016,2016,AB,Alberta,Alberta,Human activity,Activités humaines,1134.3302,a,1134.3302,a
2016,2016,AB,Alberta,Alberta,Prescribed burn,Brûlage dirigé,838.1,a,838.1,a
2016,2016,AB,Alberta,Alberta,Lightning,Foudre,27284.37,a,27284.37,a
2016,2016,AB,Alberta,Alberta,Unspecified,Indéterminée,485908.49,a,485908.49,a
2016,2016,BC,British Columbia,Colombie-Britannique,Human activity,Activités humaines,93320.658,a,93320.658,a
2016,2016,BC,British Columbia,Colombie-Britannique,Prescribed burn,Brûlage dirigé,68.7,a,68.7,a
2016,2016,BC,British Columbia,Colombie-Britannique,Lightning,Foudre,7057.453,a,7057.453,a
2016,2016,MB,Manitoba,Manitoba,Human activity,Activités humaines,6700.62,a,6700.62,a
2016,2016,MB,Manitoba,Manitoba,Prescribed burn,Brûlage dirigé,750,a,750,a
2016,2016,MB,Manitoba,Manitoba,Lightning,Foudre,31706.9,a,31706.9,a
2016,2016,MB,Manitoba,Manitoba,Unspecified,Indéterminée,0.01,a,0.01,a
2016,2016,NB,New Brunswick,Nouveau-Brunswick,Human activity,Activités humaines,199.2,a,199.2,a
2016,2016,NB,New Brunswick,Nouveau-Brunswick,Lightning,Foudre,21.7,a,21.7,a
2016,2016,NB,New Brunswick,Nouveau-Brunswick,Unspecified,Indéterminée,43.9,a,43.9,a
2016,2016,NL,Newfoundland and Labrador,Terre-Neuve-et-Labrador,Human activity,Activités humaines,0.4,a,0.4,a
2016,2016,NL,Newfoundland and Labrador,Terre-Neuve-et-Labrador,Prescribed burn,Brûlage dirigé,134,a,134,a
2016,2016,NL,Newfoundland and Labrador,Terre-Neuve-et-Labrador,Lightning,Foudre,10602.9,a,10602.9,a
2016,2016,NS,Nova Scotia,Nouvelle-Ecosse,Human activity,Activités humaines,774.987,a,774.987,a
2016,2016,NS,Nova Scotia,Nouvelle-Ecosse,Prescribed burn,Brûlage dirigé,4.5,a,4.5,a
2016,2016,NS,Nova Scotia,Nouvelle-Ecosse,Lightning,Foudre,17.551,a,17.551,a
2016,2016,NS,Nova Scotia,Nouvelle-Ecosse,Unspecified,Indéterminée,10.186,a,10.186,a
2016,2016,NT,Northwest Territories,Territoires du Nord-Ouest,Human activity,Activités humaines,7819.08,a,7819.08,a
2016,2016,NT,Northwest Territories,Territoires du Nord-Ouest,Lightning,Foudre,247704.78,a,247704.78,a
2016,2016,ON,Ontario,Ontario,Human activity,Activités humaines,6115.9501,a,6115.9501,a
2016,2016,ON,Ontario,Ontario,Prescribed burn,Brûlage dirigé,3096.3538,a,3096.3538,a
2016,2016,ON,Ontario,Ontario,Lightning,Foudre,76921.7001,a,76921.7001,a
2016,2016,ON,Ontario,Ontario,Unspecified,Indéterminée,76.30109999,a,76.30109999,a
2016,2016,PE,Prince Edward Island,Île-du-Prince-Édouard,Human activity,Activités humaines,33,a,33,a
2016,2016,PE,Prince Edward Island,Île-du-Prince-Édouard,Lightning,Foudre,0,a,0,a
2016,2016,PE,Prince Edward Island,Île-du-Prince-Édouard,Unspecified,Indéterminée,0,a,0,a
2016,2016,QC,Quebec,Québec,Human activity,Activités humaines,334.415,a,334.415,a
2016,2016,QC,Quebec,Québec,Prescribed burn,Brûlage dirigé,562.5,a,562.5,a
2016,2016,QC,Quebec,Québec,Lightning,Foudre,33036.4,a,33036.4,a
2016,2016,SK,Saskatchewan,Saskatchewan,Human activity,Activités humaines,2773.52,a,2773.52,a
2016,2016,SK,Saskatchewan,Saskatchewan,Prescribed burn,Brûlage dirigé,1025,a,1025,a
2016,2016,SK,Saskatchewan,Saskatchewan,Lightning,Foudre,251990.9,a,251990.9,a
2016,2016,SK,Saskatchewan,Saskatchewan,Unspecified,Indéterminée,0,a,0,a
2016,2016,YT,Yukon,Yukon,Human activity,Activités humaines,2.28,a,2.28,a
2016,2016,YT,Yukon,Yukon,Lightning,Foudre,21535.12,a,21535.12,a
2017,2017,AB,Alberta,Alberta,Human activity,Activités humaines,6834.10351,a,6834.10351,a
2017,2017,AB,Alberta,Alberta,Prescribed burn,Brûlage dirigé,866.6,a,866.6,a
2017,2017,AB,Alberta,Alberta,Lightning,Foudre,116704.42,a,116704.42,a
2017,2017,AB,Alberta,Alberta,Unspecified,Indéterminée,25364.3401,a,25364.3401,a
2017,2017,BC,British Columbia,Colombie-Britannique,Human activity,Activités humaines,225058.1451,a,225058.1451,a
2017,2017,BC,British Columbia,Colombie-Britannique,Prescribed burn,Brûlage dirigé,45,a,45,a
2017,2017,BC,British Columbia,Colombie-Britannique,Lightning,Foudre,1004755.709,a,1004755.709,a
2017,2017,BC,British Columbia,Colombie-Britannique,Unspecified,Indéterminée,1.328,a,1.328,a
2017,2017,MB,Manitoba,Manitoba,Human activity,Activités humaines,1368.053,a,1368.053,a
2017,2017,MB,Manitoba,Manitoba,Lightning,Foudre,223055.6,a,223055.6,a
2017,2017,NB,New Brunswick,Nouveau-Brunswick,Human activity,Activités humaines,530.3,a,530.3,a
2017,2017,NB,New Brunswick,Nouveau-Brunswick,Lightning,Foudre,19.7,a,19.7,a
2017,2017,NB,New Brunswick,Nouveau-Brunswick,Unspecified,Indéterminée,17.9,a,17.9,a
2017,2017,NL,Newfoundland and Labrador,Terre-Neuve-et-Labrador,Human activity,Activités humaines,62.301,a,62.301,a
2017,2017,NL,Newfoundland and Labrador,Terre-Neuve-et-Labrador,Lightning,Foudre,637.5,a,637.5,a
2017,2017,NL,Newfoundland and Labrador,Terre-Neuve-et-Labrador,Unspecified,Indéterminée,0.15,a,0.15,a
2017,2017,NS,Nova Scotia,Nouvelle-Ecosse,Human activity,Activités humaines,572.78,a,572.78,a
2017,2017,NS,Nova Scotia,Nouvelle-Ecosse,Prescribed burn,Brûlage dirigé,0.3,a,0.3,a
2017,2017,NT,Northwest Territories,Territoires du Nord-Ouest,Human activity,Activités humaines,11.14,a,11.14,a
2017,2017,NT,Northwest Territories,Territoires du Nord-Ouest,Lightning,Foudre,1033065.67,a,1033065.67,a
2017,2017,ON,Ontario,Ontario,Human activity,Activités humaines,87.40000084,a,87.40000084,a
2017,2017,ON,Ontario,Ontario,Prescribed burn,Brûlage dirigé,445.356,a,445.356,a
2017,2017,ON,Ontario,Ontario,Lightning,Foudre,112233,a,112233,a
2017,2017,ON,Ontario,Ontario,Unspecified,Indéterminée,164.1999996,a,164.1999996,a
2017,2017,PE,Prince Edward Island,Île-du-Prince-Édouard,Human activity,Activités humaines,0,a,0,a
2017,2017,PE,Prince Edward Island,Île-du-Prince-Édouard,Lightning,Foudre,0,a,0,a
2017,2017,PE,Prince Edward Island,Île-du-Prince-Édouard,Unspecified,Indéterminée,7,a,7,a
2017,2017,QC,Quebec,Québec,Human activity,Activités humaines,1692.711,a,1692.711,a
2017,2017,QC,Quebec,Québec,Prescribed burn,Brûlage dirigé,52.8,a,52.8,a
2017,2017,QC,Quebec,Québec,Lightning,Foudre,36699.2,a,36699.2,a
2017,2017,SK,Saskatchewan,Saskatchewan,Human activity,Activités humaines,451.204,a,451.204,a
2017,2017,SK,Saskatchewan,Saskatchewan,Prescribed burn,Brûlage dirigé,779.5,a,779.5,a
2017,2017,SK,Saskatchewan,Saskatchewan,Lightning,Foudre,398566.7,a,398566.7,a
2017,2017,YT,Yukon,Yukon,Human activity,Activités humaines,18.7,a,18.7,a
2017,2017,YT,Yukon,Yukon,Lightning,Foudre,399261.45,a,399261.45,a
2018,2018,AB,Alberta,Alberta,Human activity,Activités humaines,1891.8231,a,1891.8231,a
2018,2018,AB,Alberta,Alberta,Prescribed burn,Brûlage dirigé,339,a,339,a
2018,2018,AB,Alberta,Alberta,Lightning,Foudre,69845.44,a,69845.44,a
2018,2018,AB,Alberta,Alberta,Unspecified,Indéterminée,12941.242,a,12941.242,a
2018,2018,BC,British Columbia,Colombie-Britannique,Human activity,Activités humaines,121607.612,a,121607.612,a
2018,2018,BC,British Columbia,Colombie-Britannique,Prescribed burn,Brûlage dirigé,15,a,15,a
2018,2018,BC,British Columbia,Colombie-Britannique,Lightning,Foudre,1236348.797,a,1236348.797,a
2018,2018,BC,British Columbia,Colombie-Britannique,Unspecified,Indéterminée,2963.863,a,2963.863,a
2018,2018,MB,Manitoba,Manitoba,Human activity,Activités humaines,78904.02,a,78904.02,a
2018,2018,MB,Manitoba,Manitoba,Prescribed burn,Brûlage dirigé,2.5,a,2.5,a
2018,2018,MB,Manitoba,Manitoba,Lightning,Foudre,155520.8,a,155520.8,a
2018,2018,MB,Manitoba,Manitoba,Unspecified,Indéterminée,50,a,50,a
2018,2018,NB,New Brunswick,Nouveau-Brunswick,Human activity,Activités humaines,250.1,a,250.1,a
2018,2018,NB,New Brunswick,Nouveau-Brunswick,Lightning,Foudre,16.5,a,16.5,a
2018,2018,NB,New Brunswick,Nouveau-Brunswick,Unspecified,Indéterminée,44.3,a,44.3,a
2018,2018,NL,Newfoundland and Labrador,Terre-Neuve-et-Labrador,Human activity,Activités humaines,355.2,a,355.2,a
2018,2018,NL,Newfoundland and Labrador,Terre-Neuve-et-Labrador,Lightning,Foudre,40.3,a,40.3,a
2018,2018,NL,Newfoundland and Labrador,Terre-Neuve-et-Labrador,Unspecified,Indéterminée,0,a,0,a
2018,2018,NS,Nova Scotia,Nouvelle-Ecosse,Human activity,Activités humaines,195.5200003,a,195.5200003,a
2018,2018,NS,Nova Scotia,Nouvelle-Ecosse,Prescribed burn,Brûlage dirigé,1,a,1,a
2018,2018,NS,Nova Scotia,Nouvelle-Ecosse,Lightning,Foudre,1.790000031,a,1.790000031,a
2018,2018,NS,Nova Scotia,Nouvelle-Ecosse,Unspecified,Indéterminée,0.06,a,0.06,a
2018,2018,NT,Northwest Territories,Territoires du Nord-Ouest,Human activity,Activités humaines,169.83,a,169.83,a
2018,2018,NT,Northwest Territories,Territoires du Nord-Ouest,Lightning,Foudre,22006.91,a,22006.91,a
2018,2018,ON,Ontario,Ontario,Human activity,Activités humaines,15994.2301,a,15994.2301,a
2018,2018,ON,Ontario,Ontario,Prescribed burn,Brûlage dirigé,7.097,a,7.097,a
2018,2018,ON,Ontario,Ontario,Lightning,Foudre,249675.6,a,249675.6,a
2018,2018,ON,Ontario,Ontario,Unspecified,Indéterminée,20.29999956,a,20.29999956,a
2018,2018,PE,Prince Edward Island,Île-du-Prince-Édouard,Human activity,Activités humaines,7.39015146,a,7.39015146,a
2018,2018,QC,Quebec,Québec,Human activity,Activités humaines,15772.23,a,15772.23,a
2018,2018,QC,Quebec,Québec,Prescribed burn,Brûlage dirigé,55,a,55,a
2018,2018,QC,Quebec,Québec,Lightning,Foudre,70488.6,a,70488.6,a
2018,2018,QC,Quebec,Québec,Unspecified,Indéterminée,0.5,a,0.5,a
2018,2018,SK,Saskatchewan,Saskatchewan,Human activity,Activités humaines,47161.1,a,47161.1,a
2018,2018,SK,Saskatchewan,Saskatchewan,Prescribed burn,Brûlage dirigé,36656.2,a,36656.2,a
2018,2018,SK,Saskatchewan,Saskatchewan,Lightning,Foudre,108915.6,a,108915.6,a
2018,2018,SK,Saskatchewan,Saskatchewan,Unspecified,Indéterminée,0.01,a,0.01,a
2018,2018,YT,Yukon,Yukon,Human activity,Activités humaines,6487.33,a,6487.33,a
2018,2018,YT,Yukon,Yukon,Lightning,Foudre,74098.16,a,74098.16,a
2019,2019,AB,Alberta,Alberta,Human activity,Activités humaines,3026.4831,a,3026.4831,a
2019,2019,AB,Alberta,Alberta,Prescribed burn,Brûlage dirigé,141,a,141,a
2019,2019,AB,Alberta,Alberta,Lightning,Foudre,164061.64,a,164061.64,a
2019,2019,AB,Alberta,Alberta,Unspecified,Indéterminée,836602.13,a,836602.13,a
2019,2019,BC,British Columbia,Colombie-Britannique,Human activity,Activités humaines,4665.847,a,4665.847,a
2019,2019,BC,British Columbia,Colombie-Britannique,Prescribed burn,Brûlage dirigé,37.5,a,37.5,a
2019,2019,BC,British Columbia,Colombie-Britannique,Lightning,Foudre,15584.92,a,15584.92,a
2019,2019,BC,British Columbia,Colombie-Britannique,Unspecified,Indéterminée,1256.097,a,1256.097,a
2019,2019,MB,Manitoba,Manitoba,Human activity,Activités humaines,7939.99001,a,7939.99001,a
2019,2019,MB,Manitoba,Manitoba,Prescribed burn,Brûlage dirigé,39.4,a,39.4,a
2019,2019,MB,Manitoba,Manitoba,Lightning,Foudre,63324.4,a,63324.4,a
2019,2019,MB,Manitoba,Manitoba,Unspecified,Indéterminée,33.1,a,33.1,a
2019,2019,NB,New Brunswick,Nouveau-Brunswick,Human activity,Activités humaines,183.6,a,183.6,a
2019,2019,NB,New Brunswick,Nouveau-Brunswick,Lightning,Foudre,14.1,a,14.1,a
2019,2019,NB,New Brunswick,Nouveau-Brunswick,Unspecified,Indéterminée,30.1,a,30.1,a
2019,2019,NL,Newfoundland and Labrador,Terre-Neuve-et-Labrador,Human activity,Activités humaines,106.8,a,106.8,a
2019,2019,NL,Newfoundland and Labrador,Terre-Neuve-et-Labrador,Lightning,Foudre,209.2,a,209.2,a
2019,2019,NS,Nova Scotia,Nouvelle-Ecosse,Human activity,Activités humaines,133.57,a,133.57,a
2019,2019,NS,Nova Scotia,Nouvelle-Ecosse,Lightning,Foudre,0.9,a,0.9,a
2019,2019,NS,Nova Scotia,Nouvelle-Ecosse,Unspecified,Indéterminée,2.3,a,2.3,a
2019,2019,NT,Northwest Territories,Territoires du Nord-Ouest,Human activity,Activités humaines,4.54,a,4.54,a
2019,2019,NT,Northwest Territories,Territoires du Nord-Ouest,Lightning,Foudre,105162.63,a,105162.63,a
2019,2019,NT,Northwest Territories,Territoires du Nord-Ouest,Unspecified,Indéterminée,0.2,a,0.2,a
2019,2019,ON,Ontario,Ontario,Human activity,Activités humaines,16273.9001,a,16273.9001,a
2019,2019,ON,Ontario,Ontario,Prescribed burn,Brûlage dirigé,0.84,a,0.84,a
2019,2019,ON,Ontario,Ontario,Lightning,Foudre,253445.7,a,253445.7,a
2019,2019,ON,Ontario,Ontario,Unspecified,Indéterminée,5.600000007,a,5.600000007,a
2019,2019,PE,Prince Edward Island,Île-du-Prince-Édouard,Human activity,Activités humaines,14.21112824,a,14.21112824,a
2019,2019,QC,Quebec,Québec,Human activity,Activités humaines,5087.1,a,5087.1,a
2019,2019,QC,Quebec,Québec,Prescribed burn,Brûlage dirigé,89.41,a,89.41,a
2019,2019,QC,Quebec,Québec,Lightning,Foudre,4516.9,a,4516.9,a
2019,2019,SK,Saskatchewan,Saskatchewan,Human activity,Activités humaines,1531.4,a,1531.4,a
2019,2019,SK,Saskatchewan,Saskatchewan,Lightning,Foudre,46622.3,a,46622.3,a
2019,2019,SK,Saskatchewan,Saskatchewan,Unspecified,Indéterminée,0,a,0,a
2019,2019,YT,Yukon,Yukon,Human activity,Activités humaines,1331.3,a,1331.3,a
2019,2019,YT,Yukon,Yukon,Lightning,Foudre,254735.32,a,254735.32,a
2020,2020,AB,Alberta,Alberta,Human activity,Activités humaines,2948.8633,a,2948.8633,a
2020,2020,AB,Alberta,Alberta,Prescribed burn,Brûlage dirigé,1250,a,1250,a
2020,2020,AB,Alberta,Alberta,Lightning,Foudre,392.91,a,392.91,a
2020,2020,AB,Alberta,Alberta,Unspecified,Indéterminée,206.25,a,206.25,a
2020,2020,BC,British Columbia,Colombie-Britannique,Human activity,Activités humaines,1011.667,a,1011.667,a
2020,2020,BC,British Columbia,Colombie-Britannique,Prescribed burn,Brûlage dirigé,123.45,a,123.45,a
2020,2020,BC,British Columbia,Colombie-Britannique,Lightning,Foudre,11335.709,a,11335.709,a
2020,2020,BC,British Columbia,Colombie-Britannique,Unspecified,Indéterminée,2200.637,a,2200.637,a
2020,2020,MB,Manitoba,Manitoba,Human activity,Activités humaines,34267.61,a,34267.61,a
2020,2020,MB,Manitoba,Manitoba,Lightning,Foudre,15035.11,a,15035.11,a
2020,2020,NB,New Brunswick,Nouveau-Brunswick,Human activity,Activités humaines,1223.7,a,1223.7,a
2020,2020,NB,New Brunswick,Nouveau-Brunswick,Lightning,Foudre,51.2,a,51.2,a
2020,2020,NB,New Brunswick,Nouveau-Brunswick,Unspecified,Indéterminée,114.6245,a,114.6245,a
2020,2020,NL,Newfoundland and Labrador,Terre-Neuve-et-Labrador,Human activity,Activités humaines,147.61,a,147.61,a
2020,2020,NL,Newfoundland and Labrador,Terre-Neuve-et-Labrador,Lightning,Foudre,4185,a,4185,a
2020,2020,NL,Newfoundland and Labrador,Terre-Neuve-et-Labrador,Unspecified,Indéterminée,1,a,1,a
2020,2020,NS,Nova Scotia,Nouvelle-Ecosse,Human activity,Activités humaines,677.629758,a,677.629758,a
2020,2020,NS,Nova Scotia,Nouvelle-Ecosse,Lightning,Foudre,18.364465,a,18.364465,a
2020,2020,NS,Nova Scotia,Nouvelle-Ecosse,Unspecified,Indéterminée,0.75,a,0.75,a
2020,2020,NT,Northwest Territories,Territoires du Nord-Ouest,Human activity,Activités humaines,370.55,a,370.55,a
2020,2020,NT,Northwest Territories,Territoires du Nord-Ouest,Lightning,Foudre,20768.48,a,20768.48,a
2020,2020,ON,Ontario,Ontario,Human activity,Activités humaines,985.3001,a,985.3001,a
2020,2020,ON,Ontario,Ontario,Prescribed burn,Brûlage dirigé,3.57,a,3.57,a
2020,2020,ON,Ontario,Ontario,Lightning,Foudre,14470.6,a,14470.6,a
2020,2020,ON,Ontario,Ontario,Unspecified,Indéterminée,24.4102,a,24.4102,a
2020,2020,QC,Quebec,Québec,Human activity,Activités humaines,52089.501,a,52089.501,a
2020,2020,QC,Quebec,Québec,Prescribed burn,Brûlage dirigé,14.5,a,14.5,a
2020,2020,QC,Quebec,Québec,Lightning,Foudre,7897.104,a,7897.104,a
2020,2020,SK,Saskatchewan,Saskatchewan,Human activity,Activités humaines,41398.41,a,41398.41,a
2020,2020,SK,Saskatchewan,Saskatchewan,Lightning,Foudre,779.901,a,779.901,a
2020,2020,SK,Saskatchewan,Saskatchewan,Unspecified,Indéterminée,773.8,a,773.8,a
2020,2020,YT,Yukon,Yukon,Human activity,Activités humaines,11.7,a,11.7,a
2020,2020,YT,Yukon,Yukon,Lightning,Foudre,3452.22,a,3452.22,a
2021,2021,AB,Alberta,Alberta,Unspecified,Indéterminée,54088,e,54088,e
2021,2021,BC,British Columbia,Colombie-Britannique,Unspecified,Indéterminée,869255,e,869255,e
2021,2021,MB,Manitoba,Manitoba,Unspecified,Indéterminée,1266777,e,1266777,e
2021,2021,NB,New Brunswick,Nouveau-Brunswick,Unspecified,Indéterminée,427,e,427,e
2021,2021,NL,Newfoundland and Labrador,Terre-Neuve-et-Labrador,Unspecified,Indéterminée,324,e,324,e
2021,2021,NS,Nova Scotia,Nouvelle-Ecosse,Unspecified,Indéterminée,197,e,197,e
2021,2021,NT,Northwest Territories,Territoires du Nord-Ouest,Unspecified,Indéterminée,156630,e,156630,e
2021,2021,ON,Ontario,Ontario,Unspecified,Indéterminée,793326,e,793326,e
2021,2021,PC,Parks Canada,Parcs Canada,Unspecified,Indéterminée,42538,e,42538,e
2021,2021,PE,Prince Edward Island,Île-du-Prince-Édouard,Unspecified,Indéterminée,0.1,e,0.1,e
2021,2021,QC,Quebec,Québec,Unspecified,Indéterminée,49748,e,49748,e
2021,2021,SK,Saskatchewan,Saskatchewan,Unspecified,Indéterminée,956084,e,956084,e
2021,2021,YT,Yukon,Yukon,Unspecified,Indéterminée,118126,e,118126,e
